case_name,model_name,case_seed,score_seed,metric_name,noise_std,q,p,val,latency
100k-20seg-50L,PreQ-NegP-R,42,2025,eTaPR,0.05,0.1,0.01,0.04146510277966998,1039.5298008807003
100k-20seg-50L,PreQ-NegP-R,42,2026,eTaPR,0.05,0.1,0.01,0.04146510277966998,950.3785020206124
100k-20seg-50L,PreQ-NegP-R,42,2027,eTaPR,0.05,0.1,0.01,0.04146510277966998,951.0570319835097
100k-20seg-50L,PreQ-NegP-R,42,2025,eTaPR,0.05,0.1,0.05,0.02697207740171051,958.2729388494045
100k-20seg-50L,PreQ-NegP-R,42,2026,eTaPR,0.05,0.1,0.05,0.02697207740171051,955.6525100488216
100k-20seg-50L,PreQ-NegP-R,42,2027,eTaPR,0.05,0.1,0.05,0.02697207740171051,958.8552368804812
100k-20seg-50L,PreQ-NegP-R,42,2025,eTaPR,0.05,0.1,0.1,0.00998447136476921,955.7082650717348
100k-20seg-50L,PreQ-NegP-R,42,2026,eTaPR,0.05,0.1,0.1,0.00998447136476921,1066.3887241389602
100k-20seg-50L,PreQ-NegP-R,42,2027,eTaPR,0.05,0.1,0.1,0.00998447136476921,954.8829859122634
100k-20seg-50L,PreQ-NegP-R,42,2025,eTaPR,0.05,0.1,0.3,0.0,955.3064669016749
100k-20seg-50L,PreQ-NegP-R,42,2026,eTaPR,0.05,0.1,0.3,0.0,965.410629985854
100k-20seg-50L,PreQ-NegP-R,42,2027,eTaPR,0.05,0.1,0.3,0.0,951.3618748169392
100k-20seg-50L,PreQ-NegP-R,42,2025,eTaPR,0.05,0.2,0.01,0.0654771435298275,945.8551979623735
100k-20seg-50L,PreQ-NegP-R,42,2026,eTaPR,0.05,0.2,0.01,0.0654771435298275,948.3338471036404
100k-20seg-50L,PreQ-NegP-R,42,2027,eTaPR,0.05,0.2,0.01,0.0654771435298275,1062.2850467916578
100k-20seg-50L,PreQ-NegP-R,42,2025,eTaPR,0.05,0.2,0.05,0.059860257005937376,950.5208409391344
100k-20seg-50L,PreQ-NegP-R,42,2026,eTaPR,0.05,0.2,0.05,0.059860257005937376,941.1451928317547
100k-20seg-50L,PreQ-NegP-R,42,2027,eTaPR,0.05,0.2,0.05,0.059860257005937376,948.584052035585
100k-20seg-50L,PreQ-NegP-R,42,2025,eTaPR,0.05,0.2,0.1,0.04202683693228539,958.751515019685
100k-20seg-50L,PreQ-NegP-R,42,2026,eTaPR,0.05,0.2,0.1,0.04202683693228539,954.7014420386404
100k-20seg-50L,PreQ-NegP-R,42,2027,eTaPR,0.05,0.2,0.1,0.04202683693228539,951.4206629246473
100k-20seg-50L,PreQ-NegP-R,42,2025,eTaPR,0.05,0.2,0.3,0.007704680559904794,1057.3910060338676
100k-20seg-50L,PreQ-NegP-R,42,2026,eTaPR,0.05,0.2,0.3,0.007704680559904794,954.0710540022701
100k-20seg-50L,PreQ-NegP-R,42,2027,eTaPR,0.05,0.2,0.3,0.007704680559904794,951.3596589677036
100k-20seg-50L,PreQ-NegP-R,42,2025,eTaPR,0.05,0.3,0.01,0.0876373885095885,942.4719060771167
100k-20seg-50L,PreQ-NegP-R,42,2026,eTaPR,0.05,0.3,0.01,0.0876373885095885,950.5529429297894
100k-20seg-50L,PreQ-NegP-R,42,2027,eTaPR,0.05,0.3,0.01,0.0876373885095885,941.277276026085
100k-20seg-50L,PreQ-NegP-R,42,2025,eTaPR,0.05,0.3,0.05,0.08298310297431441,946.2017379701138
100k-20seg-50L,PreQ-NegP-R,42,2026,eTaPR,0.05,0.3,0.05,0.08298310297431441,942.9799888748676
100k-20seg-50L,PreQ-NegP-R,42,2027,eTaPR,0.05,0.3,0.05,0.08298310297431441,1035.0385920610279
100k-20seg-50L,PreQ-NegP-R,42,2025,eTaPR,0.05,0.3,0.1,0.0637553915315227,945.5434889532626
100k-20seg-50L,PreQ-NegP-R,42,2026,eTaPR,0.05,0.3,0.1,0.0637553915315227,950.1121488865465
100k-20seg-50L,PreQ-NegP-R,42,2027,eTaPR,0.05,0.3,0.1,0.0637553915315227,947.6848631165922
100k-20seg-50L,PreQ-NegP-R,42,2025,eTaPR,0.05,0.3,0.3,0.011090197113076126,950.9806188289076
100k-20seg-50L,PreQ-NegP-R,42,2026,eTaPR,0.05,0.3,0.3,0.011090197113076126,954.1644109413028
100k-20seg-50L,PreQ-NegP-R,42,2027,eTaPR,0.05,0.3,0.3,0.011090197113076126,949.8218910302967
100k-20seg-50L,PreQ-NegP-R,42,2025,eTaPR,0.05,0.4,0.01,0.10578677384147951,1014.098732965067
100k-20seg-50L,PreQ-NegP-R,42,2026,eTaPR,0.05,0.4,0.01,0.10578677384147951,936.3803551532328
100k-20seg-50L,PreQ-NegP-R,42,2027,eTaPR,0.05,0.4,0.01,0.10578677384147951,941.1460019182414
100k-20seg-50L,PreQ-NegP-R,42,2025,eTaPR,0.05,0.4,0.05,0.10204922000297868,938.7824621517211
100k-20seg-50L,PreQ-NegP-R,42,2026,eTaPR,0.05,0.4,0.05,0.10204922000297868,937.9922419320792
100k-20seg-50L,PreQ-NegP-R,42,2027,eTaPR,0.05,0.4,0.05,0.10204922000297868,942.5144731067121
100k-20seg-50L,PreQ-NegP-R,42,2025,eTaPR,0.05,0.4,0.1,0.08030150090185749,947.3537360318005
100k-20seg-50L,PreQ-NegP-R,42,2026,eTaPR,0.05,0.4,0.1,0.08030150090185749,1013.8196130283177
100k-20seg-50L,PreQ-NegP-R,42,2027,eTaPR,0.05,0.4,0.1,0.08030150090185749,946.5917539782822
100k-20seg-50L,PreQ-NegP-R,42,2025,eTaPR,0.05,0.4,0.3,0.01845126887809146,954.5068708248436
100k-20seg-50L,PreQ-NegP-R,42,2026,eTaPR,0.05,0.4,0.3,0.01845126887809146,957.9820078797638
100k-20seg-50L,PreQ-NegP-R,42,2027,eTaPR,0.05,0.4,0.3,0.01845126887809146,948.1015328783542
100k-20seg-50L,PreQ-NegP-R,42,2025,eTaPR,0.05,0.5,0.01,0.11899693106242352,937.6234468072653
100k-20seg-50L,PreQ-NegP-R,42,2026,eTaPR,0.05,0.5,0.01,0.11899693106242352,932.3869629297405
100k-20seg-50L,PreQ-NegP-R,42,2027,eTaPR,0.05,0.5,0.01,0.11899693106242352,929.9609567970037
100k-20seg-50L,PreQ-NegP-R,42,2025,eTaPR,0.05,0.5,0.05,0.1162271370264486,1001.5763910487294
100k-20seg-50L,PreQ-NegP-R,42,2026,eTaPR,0.05,0.5,0.05,0.1162271370264486,927.7514959685504
100k-20seg-50L,PreQ-NegP-R,42,2027,eTaPR,0.05,0.5,0.05,0.1162271370264486,933.8918181601912
100k-20seg-50L,PreQ-NegP-R,42,2025,eTaPR,0.05,0.5,0.1,0.09295858875199262,948.4088071621954
100k-20seg-50L,PreQ-NegP-R,42,2026,eTaPR,0.05,0.5,0.1,0.09295858875199262,952.6128680445254
100k-20seg-50L,PreQ-NegP-R,42,2027,eTaPR,0.05,0.5,0.1,0.09295858875199262,951.3966860249639
100k-20seg-50L,PreQ-NegP-R,42,2025,eTaPR,0.05,0.5,0.3,0.036469843737859386,951.6039630398154
100k-20seg-50L,PreQ-NegP-R,42,2026,eTaPR,0.05,0.5,0.3,0.036469843737859386,951.3747720047832
100k-20seg-50L,PreQ-NegP-R,42,2027,eTaPR,0.05,0.5,0.3,0.036469843737859386,1020.5524198245257
100k-20seg-50L,PreQ-NegP-R,42,2025,eTaPR,0.05,0.6,0.01,0.12911723550977205,918.447928968817
100k-20seg-50L,PreQ-NegP-R,42,2026,eTaPR,0.05,0.6,0.01,0.12911723550977205,916.5681679733098
100k-20seg-50L,PreQ-NegP-R,42,2027,eTaPR,0.05,0.6,0.01,0.12911723550977205,915.1889618951827
100k-20seg-50L,PreQ-NegP-R,42,2025,eTaPR,0.05,0.6,0.05,0.12764676068967748,927.4563200306147
100k-20seg-50L,PreQ-NegP-R,42,2026,eTaPR,0.05,0.6,0.05,0.12764676068967748,926.2397340498865
100k-20seg-50L,PreQ-NegP-R,42,2027,eTaPR,0.05,0.6,0.05,0.12764676068967748,923.2282959856093
100k-20seg-50L,PreQ-NegP-R,42,2025,eTaPR,0.05,0.6,0.1,0.10617726773185404,945.9523339755833
100k-20seg-50L,PreQ-NegP-R,42,2026,eTaPR,0.05,0.6,0.1,0.10617726773185404,1023.4516928903759
100k-20seg-50L,PreQ-NegP-R,42,2027,eTaPR,0.05,0.6,0.1,0.10617726773185404,936.4963499829173
100k-20seg-50L,PreQ-NegP-R,42,2025,eTaPR,0.05,0.6,0.3,0.044073753993666115,948.4155171085149
100k-20seg-50L,PreQ-NegP-R,42,2026,eTaPR,0.05,0.6,0.3,0.044073753993666115,957.6612180098891
100k-20seg-50L,PreQ-NegP-R,42,2027,eTaPR,0.05,0.6,0.3,0.044073753993666115,958.9709369465709
100k-20seg-50L,PreQ-NegP-R,42,2025,eTaPR,0.05,0.7,0.01,0.130436313088168,911.7123519536108
100k-20seg-50L,PreQ-NegP-R,42,2026,eTaPR,0.05,0.7,0.01,0.130436313088168,905.2956439554691
100k-20seg-50L,PreQ-NegP-R,42,2027,eTaPR,0.05,0.7,0.01,0.130436313088168,996.6901841107756
100k-20seg-50L,PreQ-NegP-R,42,2025,eTaPR,0.05,0.7,0.05,0.12958671360503723,908.7639078497887
100k-20seg-50L,PreQ-NegP-R,42,2026,eTaPR,0.05,0.7,0.05,0.12958671360503723,919.6512470953166
100k-20seg-50L,PreQ-NegP-R,42,2027,eTaPR,0.05,0.7,0.05,0.12958671360503723,912.6152000389993
100k-20seg-50L,PreQ-NegP-R,42,2025,eTaPR,0.05,0.7,0.1,0.12001138585729779,934.1144030913711
100k-20seg-50L,PreQ-NegP-R,42,2026,eTaPR,0.05,0.7,0.1,0.12001138585729779,944.8270269203931
100k-20seg-50L,PreQ-NegP-R,42,2027,eTaPR,0.05,0.7,0.1,0.12001138585729779,943.7944749370217
100k-20seg-50L,PreQ-NegP-R,42,2025,eTaPR,0.05,0.7,0.3,0.05281707232728311,951.1389690451324
100k-20seg-50L,PreQ-NegP-R,42,2026,eTaPR,0.05,0.7,0.3,0.05281707232728311,1020.7492201589048
100k-20seg-50L,PreQ-NegP-R,42,2027,eTaPR,0.05,0.7,0.3,0.05281707232728311,947.3191180732101
100k-20seg-50L,PreQ-NegP-R,42,2025,eTaPR,0.05,0.8,0.01,0.12804302163304934,896.0552690550685
100k-20seg-50L,PreQ-NegP-R,42,2026,eTaPR,0.05,0.8,0.01,0.12804302163304934,897.1604399848729
100k-20seg-50L,PreQ-NegP-R,42,2027,eTaPR,0.05,0.8,0.01,0.12804302163304934,887.7053521573544
100k-20seg-50L,PreQ-NegP-R,42,2025,eTaPR,0.05,0.8,0.05,0.1292159669493551,889.1124790534377
100k-20seg-50L,PreQ-NegP-R,42,2026,eTaPR,0.05,0.8,0.05,0.1292159669493551,895.6203979905695
100k-20seg-50L,PreQ-NegP-R,42,2027,eTaPR,0.05,0.8,0.05,0.1292159669493551,901.4167480636388
100k-20seg-50L,PreQ-NegP-R,42,2025,eTaPR,0.05,0.8,0.1,0.12510737890243104,994.2097149323672
100k-20seg-50L,PreQ-NegP-R,42,2026,eTaPR,0.05,0.8,0.1,0.12510737890243104,930.2556409966201
100k-20seg-50L,PreQ-NegP-R,42,2027,eTaPR,0.05,0.8,0.1,0.12510737890243104,929.4747679959983
100k-20seg-50L,PreQ-NegP-R,42,2025,eTaPR,0.05,0.8,0.3,0.05529092288898552,951.1304530315101
100k-20seg-50L,PreQ-NegP-R,42,2026,eTaPR,0.05,0.8,0.3,0.05529092288898552,962.6417991239578
100k-20seg-50L,PreQ-NegP-R,42,2027,eTaPR,0.05,0.8,0.3,0.05529092288898552,954.6248149126768
100k-20seg-50L,PreQ-NegP-R,42,2025,eTaPR,0.05,0.9,0.01,0.10960226853980974,873.8212010357529
100k-20seg-50L,PreQ-NegP-R,42,2026,eTaPR,0.05,0.9,0.01,0.10960226853980974,876.7522620037198
100k-20seg-50L,PreQ-NegP-R,42,2027,eTaPR,0.05,0.9,0.01,0.10960226853980974,941.0126789007336
100k-20seg-50L,PreQ-NegP-R,42,2025,eTaPR,0.05,0.9,0.05,0.11538626859160028,880.1563559100032
100k-20seg-50L,PreQ-NegP-R,42,2026,eTaPR,0.05,0.9,0.05,0.11538626859160028,878.6588869988918
100k-20seg-50L,PreQ-NegP-R,42,2027,eTaPR,0.05,0.9,0.05,0.11538626859160028,878.0817158985883
100k-20seg-50L,PreQ-NegP-R,42,2025,eTaPR,0.05,0.9,0.1,0.1262752907675532,917.2844800632447
100k-20seg-50L,PreQ-NegP-R,42,2026,eTaPR,0.05,0.9,0.1,0.1262752907675532,915.5710251070559
100k-20seg-50L,PreQ-NegP-R,42,2027,eTaPR,0.05,0.9,0.1,0.1262752907675532,920.76007113792
100k-20seg-50L,PreQ-NegP-R,42,2025,eTaPR,0.05,0.9,0.3,0.06590051883076326,948.7399950157851
100k-20seg-50L,PreQ-NegP-R,42,2026,eTaPR,0.05,0.9,0.3,0.06590051883076326,1022.1715611405671
100k-20seg-50L,PreQ-NegP-R,42,2027,eTaPR,0.05,0.9,0.3,0.06590051883076326,952.7988049667329
100k-20seg-50L,PreQ-NegP-R,42,2025,eTaPR,0.05,1.0,0.01,0.06171708733506011,861.6787220817059
100k-20seg-50L,PreQ-NegP-R,42,2026,eTaPR,0.05,1.0,0.01,0.06171708733506011,857.5605598744005
100k-20seg-50L,PreQ-NegP-R,42,2027,eTaPR,0.05,1.0,0.01,0.06171708733506011,858.5618499200791
100k-20seg-50L,PreQ-NegP-R,42,2025,eTaPR,0.05,1.0,0.05,0.0717872553426406,863.0003579892218
100k-20seg-50L,PreQ-NegP-R,42,2026,eTaPR,0.05,1.0,0.05,0.0717872553426406,858.8687549345195
100k-20seg-50L,PreQ-NegP-R,42,2027,eTaPR,0.05,1.0,0.05,0.0717872553426406,859.2424539383501
100k-20seg-50L,PreQ-NegP-R,42,2025,eTaPR,0.05,1.0,0.1,0.12901164032035775,983.0224681645632
100k-20seg-50L,PreQ-NegP-R,42,2026,eTaPR,0.05,1.0,0.1,0.12901164032035775,921.3715358637273
100k-20seg-50L,PreQ-NegP-R,42,2027,eTaPR,0.05,1.0,0.1,0.12901164032035775,917.1454340685159
100k-20seg-50L,PreQ-NegP-R,42,2025,eTaPR,0.05,1.0,0.3,0.07550683364423412,948.3856700826436
100k-20seg-50L,PreQ-NegP-R,42,2026,eTaPR,0.05,1.0,0.3,0.07550683364423412,949.8967621475458
100k-20seg-50L,PreQ-NegP-R,42,2027,eTaPR,0.05,1.0,0.3,0.07550683364423412,961.2303851172328
100k-20seg-50L,PreQ-NegP-R,42,2025,eTaPR,0.1,0.1,0.01,0.042636547176398455,957.9516199883074
100k-20seg-50L,PreQ-NegP-R,42,2026,eTaPR,0.1,0.1,0.01,0.042636547176398455,952.4316820316017
100k-20seg-50L,PreQ-NegP-R,42,2027,eTaPR,0.1,0.1,0.01,0.042636547176398455,1022.8915740735829
100k-20seg-50L,PreQ-NegP-R,42,2025,eTaPR,0.1,0.1,0.05,0.026965792328448257,956.4396860077977
100k-20seg-50L,PreQ-NegP-R,42,2026,eTaPR,0.1,0.1,0.05,0.026965792328448257,954.6645141672343
100k-20seg-50L,PreQ-NegP-R,42,2027,eTaPR,0.1,0.1,0.05,0.026965792328448257,957.0517721585929
100k-20seg-50L,PreQ-NegP-R,42,2025,eTaPR,0.1,0.1,0.1,0.010144315404160754,952.7005411218852
100k-20seg-50L,PreQ-NegP-R,42,2026,eTaPR,0.1,0.1,0.1,0.010144315404160754,959.714240161702
100k-20seg-50L,PreQ-NegP-R,42,2027,eTaPR,0.1,0.1,0.1,0.010144315404160754,956.7845941055566
100k-20seg-50L,PreQ-NegP-R,42,2025,eTaPR,0.1,0.1,0.3,0.0,1026.7073069699109
100k-20seg-50L,PreQ-NegP-R,42,2026,eTaPR,0.1,0.1,0.3,0.0,956.7190078087151
100k-20seg-50L,PreQ-NegP-R,42,2027,eTaPR,0.1,0.1,0.3,0.0,956.1162230093032
100k-20seg-50L,PreQ-NegP-R,42,2025,eTaPR,0.1,0.2,0.01,0.06888470706976452,957.5748729985207
100k-20seg-50L,PreQ-NegP-R,42,2026,eTaPR,0.1,0.2,0.01,0.06888470706976452,946.8816539738327
100k-20seg-50L,PreQ-NegP-R,42,2027,eTaPR,0.1,0.2,0.01,0.06888470706976452,950.9807359427214
100k-20seg-50L,PreQ-NegP-R,42,2025,eTaPR,0.1,0.2,0.05,0.05875069582801271,953.8664401043206
100k-20seg-50L,PreQ-NegP-R,42,2026,eTaPR,0.1,0.2,0.05,0.05875069582801271,1014.4200080540031
100k-20seg-50L,PreQ-NegP-R,42,2027,eTaPR,0.1,0.2,0.05,0.05875069582801271,954.3156691361219
100k-20seg-50L,PreQ-NegP-R,42,2025,eTaPR,0.1,0.2,0.1,0.03223828819947374,959.5110409427434
100k-20seg-50L,PreQ-NegP-R,42,2026,eTaPR,0.1,0.2,0.1,0.03223828819947374,956.3183188438416
100k-20seg-50L,PreQ-NegP-R,42,2027,eTaPR,0.1,0.2,0.1,0.03223828819947374,957.3340609204024
100k-20seg-50L,PreQ-NegP-R,42,2025,eTaPR,0.1,0.2,0.3,0.0061048852128410365,952.4879599921405
100k-20seg-50L,PreQ-NegP-R,42,2026,eTaPR,0.1,0.2,0.3,0.0061048852128410365,948.9392940886319
100k-20seg-50L,PreQ-NegP-R,42,2027,eTaPR,0.1,0.2,0.3,0.0061048852128410365,953.6356630269438
100k-20seg-50L,PreQ-NegP-R,42,2025,eTaPR,0.1,0.3,0.01,0.08807556911991916,1015.7544920220971
100k-20seg-50L,PreQ-NegP-R,42,2026,eTaPR,0.1,0.3,0.01,0.08807556911991916,949.5486728847027
100k-20seg-50L,PreQ-NegP-R,42,2027,eTaPR,0.1,0.3,0.01,0.08807556911991916,943.8660759478807
100k-20seg-50L,PreQ-NegP-R,42,2025,eTaPR,0.1,0.3,0.05,0.0822463436146179,948.2124769128859
100k-20seg-50L,PreQ-NegP-R,42,2026,eTaPR,0.1,0.3,0.05,0.0822463436146179,954.2447039857507
100k-20seg-50L,PreQ-NegP-R,42,2027,eTaPR,0.1,0.3,0.05,0.0822463436146179,947.8051119949669
100k-20seg-50L,PreQ-NegP-R,42,2025,eTaPR,0.1,0.3,0.1,0.058104987909381595,952.4901881814003
100k-20seg-50L,PreQ-NegP-R,42,2026,eTaPR,0.1,0.3,0.1,0.058104987909381595,1020.9920459892601
100k-20seg-50L,PreQ-NegP-R,42,2027,eTaPR,0.1,0.3,0.1,0.058104987909381595,950.7231351453811
100k-20seg-50L,PreQ-NegP-R,42,2025,eTaPR,0.1,0.3,0.3,0.009500245448350436,953.3042651601136
100k-20seg-50L,PreQ-NegP-R,42,2026,eTaPR,0.1,0.3,0.3,0.009500245448350436,957.1534809656441
100k-20seg-50L,PreQ-NegP-R,42,2027,eTaPR,0.1,0.3,0.3,0.009500245448350436,955.071872798726
100k-20seg-50L,PreQ-NegP-R,42,2025,eTaPR,0.1,0.4,0.01,0.10673193410620162,938.5834978893399
100k-20seg-50L,PreQ-NegP-R,42,2026,eTaPR,0.1,0.4,0.01,0.10673193410620162,947.0658330246806
100k-20seg-50L,PreQ-NegP-R,42,2027,eTaPR,0.1,0.4,0.01,0.10673193410620162,946.3712060824037
100k-20seg-50L,PreQ-NegP-R,42,2025,eTaPR,0.1,0.4,0.05,0.1020308480898917,1004.7102600801736
100k-20seg-50L,PreQ-NegP-R,42,2026,eTaPR,0.1,0.4,0.05,0.1020308480898917,941.4487858302891
100k-20seg-50L,PreQ-NegP-R,42,2027,eTaPR,0.1,0.4,0.05,0.1020308480898917,944.1954249050468
100k-20seg-50L,PreQ-NegP-R,42,2025,eTaPR,0.1,0.4,0.1,0.07310087421282191,951.8768950365484
100k-20seg-50L,PreQ-NegP-R,42,2026,eTaPR,0.1,0.4,0.1,0.07310087421282191,953.9998781401664
100k-20seg-50L,PreQ-NegP-R,42,2027,eTaPR,0.1,0.4,0.1,0.07310087421282191,951.2519489508122
100k-20seg-50L,PreQ-NegP-R,42,2025,eTaPR,0.1,0.4,0.3,0.018830211411179954,959.2170030809939
100k-20seg-50L,PreQ-NegP-R,42,2026,eTaPR,0.1,0.4,0.3,0.018830211411179954,1024.8443151358515
100k-20seg-50L,PreQ-NegP-R,42,2027,eTaPR,0.1,0.4,0.3,0.018830211411179954,956.677058013156
100k-20seg-50L,PreQ-NegP-R,42,2025,eTaPR,0.1,0.5,0.01,0.11842644599873751,932.1163080167025
100k-20seg-50L,PreQ-NegP-R,42,2026,eTaPR,0.1,0.5,0.01,0.11842644599873751,931.5839861519635
100k-20seg-50L,PreQ-NegP-R,42,2027,eTaPR,0.1,0.5,0.01,0.11842644599873751,937.3509569559246
100k-20seg-50L,PreQ-NegP-R,42,2025,eTaPR,0.1,0.5,0.05,0.11386216921698454,931.4447280485183
100k-20seg-50L,PreQ-NegP-R,42,2026,eTaPR,0.1,0.5,0.05,0.11386216921698454,931.3367849681526
100k-20seg-50L,PreQ-NegP-R,42,2027,eTaPR,0.1,0.5,0.05,0.11386216921698454,928.9294218178838
100k-20seg-50L,PreQ-NegP-R,42,2025,eTaPR,0.1,0.5,0.1,0.08947355993827118,1017.7366849966347
100k-20seg-50L,PreQ-NegP-R,42,2026,eTaPR,0.1,0.5,0.1,0.08947355993827118,955.3069861140102
100k-20seg-50L,PreQ-NegP-R,42,2027,eTaPR,0.1,0.5,0.1,0.08947355993827118,950.4448750521988
100k-20seg-50L,PreQ-NegP-R,42,2025,eTaPR,0.1,0.5,0.3,0.02991425501563568,960.5820481665432
100k-20seg-50L,PreQ-NegP-R,42,2026,eTaPR,0.1,0.5,0.3,0.02991425501563568,954.7612520400435
100k-20seg-50L,PreQ-NegP-R,42,2027,eTaPR,0.1,0.5,0.3,0.02991425501563568,953.4626440145075
100k-20seg-50L,PreQ-NegP-R,42,2025,eTaPR,0.1,0.6,0.01,0.12826306165602006,916.1718811374158
100k-20seg-50L,PreQ-NegP-R,42,2026,eTaPR,0.1,0.6,0.01,0.12826306165602006,980.0590539816767
100k-20seg-50L,PreQ-NegP-R,42,2027,eTaPR,0.1,0.6,0.01,0.12826306165602006,920.7573670428246
100k-20seg-50L,PreQ-NegP-R,42,2025,eTaPR,0.1,0.6,0.05,0.12630099009456264,928.6510159727186
100k-20seg-50L,PreQ-NegP-R,42,2026,eTaPR,0.1,0.6,0.05,0.12630099009456264,924.9547701328993
100k-20seg-50L,PreQ-NegP-R,42,2027,eTaPR,0.1,0.6,0.05,0.12630099009456264,924.8000620864332
100k-20seg-50L,PreQ-NegP-R,42,2025,eTaPR,0.1,0.6,0.1,0.10176474581537326,941.3851939607412
100k-20seg-50L,PreQ-NegP-R,42,2026,eTaPR,0.1,0.6,0.1,0.10176474581537326,943.7488599214703
100k-20seg-50L,PreQ-NegP-R,42,2027,eTaPR,0.1,0.6,0.1,0.10176474581537326,940.8823889680207
100k-20seg-50L,PreQ-NegP-R,42,2025,eTaPR,0.1,0.6,0.3,0.04058725668916219,1021.3091750629246
100k-20seg-50L,PreQ-NegP-R,42,2026,eTaPR,0.1,0.6,0.3,0.04058725668916219,951.9860609434545
100k-20seg-50L,PreQ-NegP-R,42,2027,eTaPR,0.1,0.6,0.3,0.04058725668916219,954.74843820557
100k-20seg-50L,PreQ-NegP-R,42,2025,eTaPR,0.1,0.7,0.01,0.1305935744940943,907.6534090563655
100k-20seg-50L,PreQ-NegP-R,42,2026,eTaPR,0.1,0.7,0.01,0.1305935744940943,912.2759751044214
100k-20seg-50L,PreQ-NegP-R,42,2027,eTaPR,0.1,0.7,0.01,0.1305935744940943,915.591357043013
100k-20seg-50L,PreQ-NegP-R,42,2025,eTaPR,0.1,0.7,0.05,0.1304023594811124,910.4901649989188
100k-20seg-50L,PreQ-NegP-R,42,2026,eTaPR,0.1,0.7,0.05,0.1304023594811124,978.5063429735601
100k-20seg-50L,PreQ-NegP-R,42,2027,eTaPR,0.1,0.7,0.05,0.1304023594811124,913.0604539532214
100k-20seg-50L,PreQ-NegP-R,42,2025,eTaPR,0.1,0.7,0.1,0.11208607461627837,942.0423498377204
100k-20seg-50L,PreQ-NegP-R,42,2026,eTaPR,0.1,0.7,0.1,0.11208607461627837,941.1842538975179
100k-20seg-50L,PreQ-NegP-R,42,2027,eTaPR,0.1,0.7,0.1,0.11208607461627837,940.3236559592187
100k-20seg-50L,PreQ-NegP-R,42,2025,eTaPR,0.1,0.7,0.3,0.051450027213274095,948.9968509878963
100k-20seg-50L,PreQ-NegP-R,42,2026,eTaPR,0.1,0.7,0.3,0.051450027213274095,951.7256082035601
100k-20seg-50L,PreQ-NegP-R,42,2027,eTaPR,0.1,0.7,0.3,0.051450027213274095,951.2628610245883
100k-20seg-50L,PreQ-NegP-R,42,2025,eTaPR,0.1,0.8,0.01,0.12850722456419175,957.7102670446038
100k-20seg-50L,PreQ-NegP-R,42,2026,eTaPR,0.1,0.8,0.01,0.12850722456419175,894.0025130286813
100k-20seg-50L,PreQ-NegP-R,42,2027,eTaPR,0.1,0.8,0.01,0.12850722456419175,890.7856210134923
100k-20seg-50L,PreQ-NegP-R,42,2025,eTaPR,0.1,0.8,0.05,0.1312181511377852,904.6177209820598
100k-20seg-50L,PreQ-NegP-R,42,2026,eTaPR,0.1,0.8,0.05,0.1312181511377852,901.5333820134401
100k-20seg-50L,PreQ-NegP-R,42,2027,eTaPR,0.1,0.8,0.05,0.1312181511377852,899.2320951074362
100k-20seg-50L,PreQ-NegP-R,42,2025,eTaPR,0.1,0.8,0.1,0.12226215660790903,934.6972389612347
100k-20seg-50L,PreQ-NegP-R,42,2026,eTaPR,0.1,0.8,0.1,0.12226215660790903,931.7643139511347
100k-20seg-50L,PreQ-NegP-R,42,2027,eTaPR,0.1,0.8,0.1,0.12226215660790903,991.9601320289075
100k-20seg-50L,PreQ-NegP-R,42,2025,eTaPR,0.1,0.8,0.3,0.05580323539863227,952.5409750640392
100k-20seg-50L,PreQ-NegP-R,42,2026,eTaPR,0.1,0.8,0.3,0.05580323539863227,953.9407219272107
100k-20seg-50L,PreQ-NegP-R,42,2027,eTaPR,0.1,0.8,0.3,0.05580323539863227,949.3786420207471
100k-20seg-50L,PreQ-NegP-R,42,2025,eTaPR,0.1,0.9,0.01,0.10902114980569898,876.0795099660754
100k-20seg-50L,PreQ-NegP-R,42,2026,eTaPR,0.1,0.9,0.01,0.10902114980569898,876.2477319687605
100k-20seg-50L,PreQ-NegP-R,42,2027,eTaPR,0.1,0.9,0.01,0.10902114980569898,876.8541452009231
100k-20seg-50L,PreQ-NegP-R,42,2025,eTaPR,0.1,0.9,0.05,0.11935499128634262,949.1649011615664
100k-20seg-50L,PreQ-NegP-R,42,2026,eTaPR,0.1,0.9,0.05,0.11935499128634262,888.8937758747488
100k-20seg-50L,PreQ-NegP-R,42,2027,eTaPR,0.1,0.9,0.05,0.11935499128634262,879.7646639868617
100k-20seg-50L,PreQ-NegP-R,42,2025,eTaPR,0.1,0.9,0.1,0.12405269208008009,928.7472160067409
100k-20seg-50L,PreQ-NegP-R,42,2026,eTaPR,0.1,0.9,0.1,0.12405269208008009,921.6584819369018
100k-20seg-50L,PreQ-NegP-R,42,2027,eTaPR,0.1,0.9,0.1,0.12405269208008009,927.4807760957628
100k-20seg-50L,PreQ-NegP-R,42,2025,eTaPR,0.1,0.9,0.3,0.05975860699390728,959.7920379601419
100k-20seg-50L,PreQ-NegP-R,42,2026,eTaPR,0.1,0.9,0.3,0.05975860699390728,951.6406091861427
100k-20seg-50L,PreQ-NegP-R,42,2027,eTaPR,0.1,0.9,0.3,0.05975860699390728,1027.1753559354693
100k-20seg-50L,PreQ-NegP-R,42,2025,eTaPR,0.1,1.0,0.01,0.06167638447603727,857.9588290303946
100k-20seg-50L,PreQ-NegP-R,42,2026,eTaPR,0.1,1.0,0.01,0.06167638447603727,854.3216870166361
100k-20seg-50L,PreQ-NegP-R,42,2027,eTaPR,0.1,1.0,0.01,0.06167638447603727,855.3477879613638
100k-20seg-50L,PreQ-NegP-R,42,2025,eTaPR,0.1,1.0,0.05,0.08823200501423527,862.1373611968011
100k-20seg-50L,PreQ-NegP-R,42,2026,eTaPR,0.1,1.0,0.05,0.08823200501423527,868.0315448436886
100k-20seg-50L,PreQ-NegP-R,42,2027,eTaPR,0.1,1.0,0.05,0.08823200501423527,871.7571960296482
100k-20seg-50L,PreQ-NegP-R,42,2025,eTaPR,0.1,1.0,0.1,0.1250081595759806,917.6073109265417
100k-20seg-50L,PreQ-NegP-R,42,2026,eTaPR,0.1,1.0,0.1,0.1250081595759806,921.8916757963598
100k-20seg-50L,PreQ-NegP-R,42,2027,eTaPR,0.1,1.0,0.1,0.1250081595759806,988.5017320048064
100k-20seg-50L,PreQ-NegP-R,42,2025,eTaPR,0.1,1.0,0.3,0.0736693913107975,952.5456218980253
100k-20seg-50L,PreQ-NegP-R,42,2026,eTaPR,0.1,1.0,0.3,0.0736693913107975,952.8390970081091
100k-20seg-50L,PreQ-NegP-R,42,2027,eTaPR,0.1,1.0,0.3,0.0736693913107975,947.0142240170389
100k-200seg-50L,PreQ-NegP-R,43,2025,eTaPR,0.05,0.1,0.01,0.2606701845184419,5657.484740950167
100k-200seg-50L,PreQ-NegP-R,43,2026,eTaPR,0.05,0.1,0.01,0.2606701845184419,5666.067888960242
100k-200seg-50L,PreQ-NegP-R,43,2027,eTaPR,0.05,0.1,0.01,0.2606701845184419,5675.965555943549
100k-200seg-50L,PreQ-NegP-R,43,2025,eTaPR,0.05,0.1,0.05,0.16972992624519456,5710.618759039789
100k-200seg-50L,PreQ-NegP-R,43,2026,eTaPR,0.05,0.1,0.05,0.16972992624519456,5703.740611905232
100k-200seg-50L,PreQ-NegP-R,43,2027,eTaPR,0.05,0.1,0.05,0.16972992624519456,5628.662297036499
100k-200seg-50L,PreQ-NegP-R,43,2025,eTaPR,0.05,0.1,0.1,0.07637398836070376,5674.763530027121
100k-200seg-50L,PreQ-NegP-R,43,2026,eTaPR,0.05,0.1,0.1,0.07637398836070376,5675.242802128196
100k-200seg-50L,PreQ-NegP-R,43,2027,eTaPR,0.05,0.1,0.1,0.07637398836070376,5660.455289995298
100k-200seg-50L,PreQ-NegP-R,43,2025,eTaPR,0.05,0.1,0.3,0.0030924144208655017,5701.973099028692
100k-200seg-50L,PreQ-NegP-R,43,2026,eTaPR,0.05,0.1,0.3,0.0030924144208655017,5780.377546092495
100k-200seg-50L,PreQ-NegP-R,43,2027,eTaPR,0.05,0.1,0.3,0.0030924144208655017,5725.849173031747
100k-200seg-50L,PreQ-NegP-R,43,2025,eTaPR,0.05,0.2,0.01,0.4323060372335644,5463.222065009177
100k-200seg-50L,PreQ-NegP-R,43,2026,eTaPR,0.05,0.2,0.01,0.4323060372335644,5424.340022029355
100k-200seg-50L,PreQ-NegP-R,43,2027,eTaPR,0.05,0.2,0.01,0.4323060372335644,5413.906550966203
100k-200seg-50L,PreQ-NegP-R,43,2025,eTaPR,0.05,0.2,0.05,0.3843737278313293,5510.955455014482
100k-200seg-50L,PreQ-NegP-R,43,2026,eTaPR,0.05,0.2,0.05,0.3843737278313293,5539.6635921206325
100k-200seg-50L,PreQ-NegP-R,43,2027,eTaPR,0.05,0.2,0.05,0.3843737278313293,5572.920972015709
100k-200seg-50L,PreQ-NegP-R,43,2025,eTaPR,0.05,0.2,0.1,0.24437225457155046,5684.956738026813
100k-200seg-50L,PreQ-NegP-R,43,2026,eTaPR,0.05,0.2,0.1,0.24437225457155046,5704.07066680491
100k-200seg-50L,PreQ-NegP-R,43,2027,eTaPR,0.05,0.2,0.1,0.24437225457155046,5664.904975099489
100k-200seg-50L,PreQ-NegP-R,43,2025,eTaPR,0.05,0.2,0.3,0.03177235942770788,5691.952560096979
100k-200seg-50L,PreQ-NegP-R,43,2026,eTaPR,0.05,0.2,0.3,0.03177235942770788,5695.045856991783
100k-200seg-50L,PreQ-NegP-R,43,2027,eTaPR,0.05,0.2,0.3,0.03177235942770788,5691.715945024043
100k-200seg-50L,PreQ-NegP-R,43,2025,eTaPR,0.05,0.3,0.01,0.5422876467628701,4997.956252889708
100k-200seg-50L,PreQ-NegP-R,43,2026,eTaPR,0.05,0.3,0.01,0.5422876467628701,5072.360127931461
100k-200seg-50L,PreQ-NegP-R,43,2027,eTaPR,0.05,0.3,0.01,0.5422876467628701,4981.228419113904
100k-200seg-50L,PreQ-NegP-R,43,2025,eTaPR,0.05,0.3,0.05,0.4779996015191826,5262.166637927294
100k-200seg-50L,PreQ-NegP-R,43,2026,eTaPR,0.05,0.3,0.05,0.4779996015191826,5229.637282900512
100k-200seg-50L,PreQ-NegP-R,43,2027,eTaPR,0.05,0.3,0.05,0.4779996015191826,5237.577178049833
100k-200seg-50L,PreQ-NegP-R,43,2025,eTaPR,0.05,0.3,0.1,0.3539818616302918,5537.803677143529
100k-200seg-50L,PreQ-NegP-R,43,2026,eTaPR,0.05,0.3,0.1,0.3539818616302918,5525.6889190059155
100k-200seg-50L,PreQ-NegP-R,43,2027,eTaPR,0.05,0.3,0.1,0.3539818616302918,5613.679315894842
100k-200seg-50L,PreQ-NegP-R,43,2025,eTaPR,0.05,0.3,0.3,0.0819783167215309,5730.3324937820435
100k-200seg-50L,PreQ-NegP-R,43,2026,eTaPR,0.05,0.3,0.3,0.0819783167215309,5743.940904038027
100k-200seg-50L,PreQ-NegP-R,43,2027,eTaPR,0.05,0.3,0.3,0.0819783167215309,5752.8890538960695
100k-200seg-50L,PreQ-NegP-R,43,2025,eTaPR,0.05,0.4,0.01,0.6470973193533689,4435.715786879882
100k-200seg-50L,PreQ-NegP-R,43,2026,eTaPR,0.05,0.4,0.01,0.6470973193533689,4438.334749080241
100k-200seg-50L,PreQ-NegP-R,43,2027,eTaPR,0.05,0.4,0.01,0.6470973193533689,4437.142342096195
100k-200seg-50L,PreQ-NegP-R,43,2025,eTaPR,0.05,0.4,0.05,0.5418441532443177,4988.273516995832
100k-200seg-50L,PreQ-NegP-R,43,2026,eTaPR,0.05,0.4,0.05,0.5418441532443177,5072.807068936527
100k-200seg-50L,PreQ-NegP-R,43,2027,eTaPR,0.05,0.4,0.05,0.5418441532443177,4998.221924062818
100k-200seg-50L,PreQ-NegP-R,43,2025,eTaPR,0.05,0.4,0.1,0.4153415739328998,5429.82830805704
100k-200seg-50L,PreQ-NegP-R,43,2026,eTaPR,0.05,0.4,0.1,0.4153415739328998,5436.848256969824
100k-200seg-50L,PreQ-NegP-R,43,2027,eTaPR,0.05,0.4,0.1,0.4153415739328998,5453.780865995213
100k-200seg-50L,PreQ-NegP-R,43,2025,eTaPR,0.05,0.4,0.3,0.1470997742673931,5686.252764891833
100k-200seg-50L,PreQ-NegP-R,43,2026,eTaPR,0.05,0.4,0.3,0.1470997742673931,5659.369159024209
100k-200seg-50L,PreQ-NegP-R,43,2027,eTaPR,0.05,0.4,0.3,0.1470997742673931,5740.6221989076585
100k-200seg-50L,PreQ-NegP-R,43,2025,eTaPR,0.05,0.5,0.01,0.7549455693460886,3689.476919127628
100k-200seg-50L,PreQ-NegP-R,43,2026,eTaPR,0.05,0.5,0.01,0.7549455693460886,3671.6814839746803
100k-200seg-50L,PreQ-NegP-R,43,2027,eTaPR,0.05,0.5,0.01,0.7549455693460886,3673.0074118822813
100k-200seg-50L,PreQ-NegP-R,43,2025,eTaPR,0.05,0.5,0.05,0.5818209157189972,4877.372114919126
100k-200seg-50L,PreQ-NegP-R,43,2026,eTaPR,0.05,0.5,0.05,0.5818209157189972,4877.573183970526
100k-200seg-50L,PreQ-NegP-R,43,2027,eTaPR,0.05,0.5,0.05,0.5818209157189972,4871.821281965822
100k-200seg-50L,PreQ-NegP-R,43,2025,eTaPR,0.05,0.5,0.1,0.46500703234494295,5342.162515036762
100k-200seg-50L,PreQ-NegP-R,43,2026,eTaPR,0.05,0.5,0.1,0.46500703234494295,5347.158772870898
100k-200seg-50L,PreQ-NegP-R,43,2027,eTaPR,0.05,0.5,0.1,0.46500703234494295,5395.475578960031
100k-200seg-50L,PreQ-NegP-R,43,2025,eTaPR,0.05,0.5,0.3,0.20743457724016648,5646.908791037276
100k-200seg-50L,PreQ-NegP-R,43,2026,eTaPR,0.05,0.5,0.3,0.20743457724016648,5641.246045008302
100k-200seg-50L,PreQ-NegP-R,43,2027,eTaPR,0.05,0.5,0.3,0.20743457724016648,5644.834275124595
100k-200seg-50L,PreQ-NegP-R,43,2025,eTaPR,0.05,0.6,0.01,0.7975748179932888,3376.835551811382
100k-200seg-50L,PreQ-NegP-R,43,2026,eTaPR,0.05,0.6,0.01,0.7975748179932888,3370.626118965447
100k-200seg-50L,PreQ-NegP-R,43,2027,eTaPR,0.05,0.6,0.01,0.7975748179932888,3368.6532268766314
100k-200seg-50L,PreQ-NegP-R,43,2025,eTaPR,0.05,0.6,0.05,0.6103083659439482,4683.905662968755
100k-200seg-50L,PreQ-NegP-R,43,2026,eTaPR,0.05,0.6,0.05,0.6103083659439482,4698.284478858113
100k-200seg-50L,PreQ-NegP-R,43,2027,eTaPR,0.05,0.6,0.05,0.6103083659439482,4774.546175030991
100k-200seg-50L,PreQ-NegP-R,43,2025,eTaPR,0.05,0.6,0.1,0.4953468153456157,5257.903000107035
100k-200seg-50L,PreQ-NegP-R,43,2026,eTaPR,0.05,0.6,0.1,0.4953468153456157,5260.09382493794
100k-200seg-50L,PreQ-NegP-R,43,2027,eTaPR,0.05,0.6,0.1,0.4953468153456157,5291.442185174674
100k-200seg-50L,PreQ-NegP-R,43,2025,eTaPR,0.05,0.6,0.3,0.260062646407096,5684.259556932375
100k-200seg-50L,PreQ-NegP-R,43,2026,eTaPR,0.05,0.6,0.3,0.260062646407096,5690.262181917205
100k-200seg-50L,PreQ-NegP-R,43,2027,eTaPR,0.05,0.6,0.3,0.260062646407096,5681.581898126751
100k-200seg-50L,PreQ-NegP-R,43,2025,eTaPR,0.05,0.7,0.01,0.8096908821360951,3240.575550124049
100k-200seg-50L,PreQ-NegP-R,43,2026,eTaPR,0.05,0.7,0.01,0.8096908821360951,3239.3020410090685
100k-200seg-50L,PreQ-NegP-R,43,2027,eTaPR,0.05,0.7,0.01,0.8096908821360951,3308.2001560833305
100k-200seg-50L,PreQ-NegP-R,43,2025,eTaPR,0.05,0.7,0.05,0.6376782616884954,4496.593733085319
100k-200seg-50L,PreQ-NegP-R,43,2026,eTaPR,0.05,0.7,0.05,0.6376782616884954,4507.1137570776045
100k-200seg-50L,PreQ-NegP-R,43,2027,eTaPR,0.05,0.7,0.05,0.6376782616884954,4510.299492860213
100k-200seg-50L,PreQ-NegP-R,43,2025,eTaPR,0.05,0.7,0.1,0.5185123619232992,5152.399793965742
100k-200seg-50L,PreQ-NegP-R,43,2026,eTaPR,0.05,0.7,0.1,0.5185123619232992,5156.700774794444
100k-200seg-50L,PreQ-NegP-R,43,2027,eTaPR,0.05,0.7,0.1,0.5185123619232992,5142.157175811008
100k-200seg-50L,PreQ-NegP-R,43,2025,eTaPR,0.05,0.7,0.3,0.3026313081335625,5592.776688979939
100k-200seg-50L,PreQ-NegP-R,43,2026,eTaPR,0.05,0.7,0.3,0.3026313081335625,5682.445645099506
100k-200seg-50L,PreQ-NegP-R,43,2027,eTaPR,0.05,0.7,0.3,0.3026313081335625,5613.174314843491
100k-200seg-50L,PreQ-NegP-R,43,2025,eTaPR,0.05,0.8,0.01,0.8180030556286837,3179.360405076295
100k-200seg-50L,PreQ-NegP-R,43,2026,eTaPR,0.05,0.8,0.01,0.8180030556286837,3172.981064999476
100k-200seg-50L,PreQ-NegP-R,43,2027,eTaPR,0.05,0.8,0.01,0.8180030556286837,3169.5059139747173
100k-200seg-50L,PreQ-NegP-R,43,2025,eTaPR,0.05,0.8,0.05,0.6563390667954265,4415.641883853823
100k-200seg-50L,PreQ-NegP-R,43,2026,eTaPR,0.05,0.8,0.05,0.6563390667954265,4415.376545861363
100k-200seg-50L,PreQ-NegP-R,43,2027,eTaPR,0.05,0.8,0.05,0.6563390667954265,4406.771559966728
100k-200seg-50L,PreQ-NegP-R,43,2025,eTaPR,0.05,0.8,0.1,0.5465212359109748,4991.453215945512
100k-200seg-50L,PreQ-NegP-R,43,2026,eTaPR,0.05,0.8,0.1,0.5465212359109748,4976.857066852972
100k-200seg-50L,PreQ-NegP-R,43,2027,eTaPR,0.05,0.8,0.1,0.5465212359109748,5047.373458975926
100k-200seg-50L,PreQ-NegP-R,43,2025,eTaPR,0.05,0.8,0.3,0.3174312923727058,5596.433316823095
100k-200seg-50L,PreQ-NegP-R,43,2026,eTaPR,0.05,0.8,0.3,0.3174312923727058,5605.654600076377
100k-200seg-50L,PreQ-NegP-R,43,2027,eTaPR,0.05,0.8,0.3,0.3174312923727058,5600.24024406448
100k-200seg-50L,PreQ-NegP-R,43,2025,eTaPR,0.05,0.9,0.01,0.8263294127081882,3127.908444032073
100k-200seg-50L,PreQ-NegP-R,43,2026,eTaPR,0.05,0.9,0.01,0.8263294127081882,3122.161945095286
100k-200seg-50L,PreQ-NegP-R,43,2027,eTaPR,0.05,0.9,0.01,0.8263294127081882,3122.8690361604095
100k-200seg-50L,PreQ-NegP-R,43,2025,eTaPR,0.05,0.9,0.05,0.6761238502142222,4333.500672131777
100k-200seg-50L,PreQ-NegP-R,43,2026,eTaPR,0.05,0.9,0.05,0.6761238502142222,4323.831305140629
100k-200seg-50L,PreQ-NegP-R,43,2027,eTaPR,0.05,0.9,0.05,0.6761238502142222,4314.4853070843965
100k-200seg-50L,PreQ-NegP-R,43,2025,eTaPR,0.05,0.9,0.1,0.568724374430787,4987.882829038426
100k-200seg-50L,PreQ-NegP-R,43,2026,eTaPR,0.05,0.9,0.1,0.568724374430787,4933.966847136617
100k-200seg-50L,PreQ-NegP-R,43,2027,eTaPR,0.05,0.9,0.1,0.568724374430787,4914.495724020526
100k-200seg-50L,PreQ-NegP-R,43,2025,eTaPR,0.05,0.9,0.3,0.3641303288899222,5497.62706598267
100k-200seg-50L,PreQ-NegP-R,43,2026,eTaPR,0.05,0.9,0.3,0.3641303288899222,5502.261605113745
100k-200seg-50L,PreQ-NegP-R,43,2027,eTaPR,0.05,0.9,0.3,0.3641303288899222,5500.315864104778
100k-200seg-50L,PreQ-NegP-R,43,2025,eTaPR,0.05,1.0,0.01,0.8345533102682836,3087.8211930394173
100k-200seg-50L,PreQ-NegP-R,43,2026,eTaPR,0.05,1.0,0.01,0.8345533102682836,3103.649358963594
100k-200seg-50L,PreQ-NegP-R,43,2027,eTaPR,0.05,1.0,0.01,0.8345533102682836,3085.332762915641
100k-200seg-50L,PreQ-NegP-R,43,2025,eTaPR,0.05,1.0,0.05,0.689691924842943,4200.579593889415
100k-200seg-50L,PreQ-NegP-R,43,2026,eTaPR,0.05,1.0,0.05,0.689691924842943,4131.972091970965
100k-200seg-50L,PreQ-NegP-R,43,2027,eTaPR,0.05,1.0,0.05,0.689691924842943,4134.344785939902
100k-200seg-50L,PreQ-NegP-R,43,2025,eTaPR,0.05,1.0,0.1,0.5817455652973542,4836.360337911174
100k-200seg-50L,PreQ-NegP-R,43,2026,eTaPR,0.05,1.0,0.1,0.5817455652973542,4844.641206087545
100k-200seg-50L,PreQ-NegP-R,43,2027,eTaPR,0.05,1.0,0.1,0.5817455652973542,4859.746896894649
100k-200seg-50L,PreQ-NegP-R,43,2025,eTaPR,0.05,1.0,0.3,0.3805252472555635,5492.262504063547
100k-200seg-50L,PreQ-NegP-R,43,2026,eTaPR,0.05,1.0,0.3,0.3805252472555635,5508.835582993925
100k-200seg-50L,PreQ-NegP-R,43,2027,eTaPR,0.05,1.0,0.3,0.3805252472555635,5565.520165953785
100k-200seg-50L,PreQ-NegP-R,43,2025,eTaPR,0.1,0.1,0.01,0.256909581801033,5646.077821031213
100k-200seg-50L,PreQ-NegP-R,43,2026,eTaPR,0.1,0.1,0.01,0.256909581801033,5629.483620868996
100k-200seg-50L,PreQ-NegP-R,43,2027,eTaPR,0.1,0.1,0.01,0.256909581801033,5637.666791910306
100k-200seg-50L,PreQ-NegP-R,43,2025,eTaPR,0.1,0.1,0.05,0.16433397323597265,5639.512869995087
100k-200seg-50L,PreQ-NegP-R,43,2026,eTaPR,0.1,0.1,0.05,0.16433397323597265,5654.026297153905
100k-200seg-50L,PreQ-NegP-R,43,2027,eTaPR,0.1,0.1,0.05,0.16433397323597265,5668.173613958061
100k-200seg-50L,PreQ-NegP-R,43,2025,eTaPR,0.1,0.1,0.1,0.07092095778915386,5731.919648125768
100k-200seg-50L,PreQ-NegP-R,43,2026,eTaPR,0.1,0.1,0.1,0.07092095778915386,5674.215817125514
100k-200seg-50L,PreQ-NegP-R,43,2027,eTaPR,0.1,0.1,0.1,0.07092095778915386,5660.38736095652
100k-200seg-50L,PreQ-NegP-R,43,2025,eTaPR,0.1,0.1,0.3,0.004004834052996166,5682.400119956583
100k-200seg-50L,PreQ-NegP-R,43,2026,eTaPR,0.1,0.1,0.3,0.004004834052996166,5686.190131120384
100k-200seg-50L,PreQ-NegP-R,43,2027,eTaPR,0.1,0.1,0.3,0.004004834052996166,5676.39578692615
100k-200seg-50L,PreQ-NegP-R,43,2025,eTaPR,0.1,0.2,0.01,0.4296425196830147,5515.977838076651
100k-200seg-50L,PreQ-NegP-R,43,2026,eTaPR,0.1,0.2,0.01,0.4296425196830147,5519.067552872002
100k-200seg-50L,PreQ-NegP-R,43,2027,eTaPR,0.1,0.2,0.01,0.4296425196830147,5467.464735964313
100k-200seg-50L,PreQ-NegP-R,43,2025,eTaPR,0.1,0.2,0.05,0.36949303155995217,5571.202805032954
100k-200seg-50L,PreQ-NegP-R,43,2026,eTaPR,0.1,0.2,0.05,0.36949303155995217,5570.408772910014
100k-200seg-50L,PreQ-NegP-R,43,2027,eTaPR,0.1,0.2,0.05,0.36949303155995217,5559.546974021941
100k-200seg-50L,PreQ-NegP-R,43,2025,eTaPR,0.1,0.2,0.1,0.2304282236892074,5658.308906015009
100k-200seg-50L,PreQ-NegP-R,43,2026,eTaPR,0.1,0.2,0.1,0.2304282236892074,5676.897525088862
100k-200seg-50L,PreQ-NegP-R,43,2027,eTaPR,0.1,0.2,0.1,0.2304282236892074,5745.200247038156
100k-200seg-50L,PreQ-NegP-R,43,2025,eTaPR,0.1,0.2,0.3,0.03688988106588886,5691.769598051906
100k-200seg-50L,PreQ-NegP-R,43,2026,eTaPR,0.1,0.2,0.3,0.03688988106588886,5712.3191461432725
100k-200seg-50L,PreQ-NegP-R,43,2027,eTaPR,0.1,0.2,0.3,0.03688988106588886,5714.764917036518
100k-200seg-50L,PreQ-NegP-R,43,2025,eTaPR,0.1,0.3,0.01,0.5415446684836414,5007.835560012609
100k-200seg-50L,PreQ-NegP-R,43,2026,eTaPR,0.1,0.3,0.01,0.5415446684836414,5014.397267950699
100k-200seg-50L,PreQ-NegP-R,43,2027,eTaPR,0.1,0.3,0.01,0.5415446684836414,5000.450815074146
100k-200seg-50L,PreQ-NegP-R,43,2025,eTaPR,0.1,0.3,0.05,0.46210002134019146,5377.692020032555
100k-200seg-50L,PreQ-NegP-R,43,2026,eTaPR,0.1,0.3,0.05,0.46210002134019146,5318.72170092538
100k-200seg-50L,PreQ-NegP-R,43,2027,eTaPR,0.1,0.3,0.05,0.46210002134019146,5306.840915000066
100k-200seg-50L,PreQ-NegP-R,43,2025,eTaPR,0.1,0.3,0.1,0.3316781787688951,5540.954663185403
100k-200seg-50L,PreQ-NegP-R,43,2026,eTaPR,0.1,0.3,0.1,0.3316781787688951,5542.959639104083
100k-200seg-50L,PreQ-NegP-R,43,2027,eTaPR,0.1,0.3,0.1,0.3316781787688951,5576.4476780314
100k-200seg-50L,PreQ-NegP-R,43,2025,eTaPR,0.1,0.3,0.3,0.06503874436246486,5711.567342048511
100k-200seg-50L,PreQ-NegP-R,43,2026,eTaPR,0.1,0.3,0.3,0.06503874436246486,5798.848572885618
100k-200seg-50L,PreQ-NegP-R,43,2027,eTaPR,0.1,0.3,0.3,0.06503874436246486,5727.551942924038
100k-200seg-50L,PreQ-NegP-R,43,2025,eTaPR,0.1,0.4,0.01,0.6472366072469403,4446.108674164861
100k-200seg-50L,PreQ-NegP-R,43,2026,eTaPR,0.1,0.4,0.01,0.6472366072469403,4450.599535135552
100k-200seg-50L,PreQ-NegP-R,43,2027,eTaPR,0.1,0.4,0.01,0.6472366072469403,4446.260246215388
100k-200seg-50L,PreQ-NegP-R,43,2025,eTaPR,0.1,0.4,0.05,0.5227955701441022,5107.846930157393
100k-200seg-50L,PreQ-NegP-R,43,2026,eTaPR,0.1,0.4,0.05,0.5227955701441022,5099.978084210306
100k-200seg-50L,PreQ-NegP-R,43,2027,eTaPR,0.1,0.4,0.05,0.5227955701441022,5097.585463896394
100k-200seg-50L,PreQ-NegP-R,43,2025,eTaPR,0.1,0.4,0.1,0.4082661079718769,5548.196465941146
100k-200seg-50L,PreQ-NegP-R,43,2026,eTaPR,0.1,0.4,0.1,0.4082661079718769,5456.119149923325
100k-200seg-50L,PreQ-NegP-R,43,2027,eTaPR,0.1,0.4,0.1,0.4082661079718769,5457.141655962914
100k-200seg-50L,PreQ-NegP-R,43,2025,eTaPR,0.1,0.4,0.3,0.14473188288072525,5659.186631208286
100k-200seg-50L,PreQ-NegP-R,43,2026,eTaPR,0.1,0.4,0.3,0.14473188288072525,5670.062430202961
100k-200seg-50L,PreQ-NegP-R,43,2027,eTaPR,0.1,0.4,0.3,0.14473188288072525,5652.466823114082
100k-200seg-50L,PreQ-NegP-R,43,2025,eTaPR,0.1,0.5,0.01,0.7531749918699996,3705.425389111042
100k-200seg-50L,PreQ-NegP-R,43,2026,eTaPR,0.1,0.5,0.01,0.7531749918699996,3701.9380000419915
100k-200seg-50L,PreQ-NegP-R,43,2027,eTaPR,0.1,0.5,0.01,0.7531749918699996,3794.6165218017995
100k-200seg-50L,PreQ-NegP-R,43,2025,eTaPR,0.1,0.5,0.05,0.5653796685179471,4977.8398249763995
100k-200seg-50L,PreQ-NegP-R,43,2026,eTaPR,0.1,0.5,0.05,0.5653796685179471,4948.742808075622
100k-200seg-50L,PreQ-NegP-R,43,2027,eTaPR,0.1,0.5,0.05,0.5653796685179471,4946.387349860743
100k-200seg-50L,PreQ-NegP-R,43,2025,eTaPR,0.1,0.5,0.1,0.4502774771933826,5343.413966009393
100k-200seg-50L,PreQ-NegP-R,43,2026,eTaPR,0.1,0.5,0.1,0.4502774771933826,5344.421484973282
100k-200seg-50L,PreQ-NegP-R,43,2027,eTaPR,0.1,0.5,0.1,0.4502774771933826,5346.5847868938
100k-200seg-50L,PreQ-NegP-R,43,2025,eTaPR,0.1,0.5,0.3,0.19551264856666972,5732.343154028058
100k-200seg-50L,PreQ-NegP-R,43,2026,eTaPR,0.1,0.5,0.3,0.19551264856666972,5676.185551099479
100k-200seg-50L,PreQ-NegP-R,43,2027,eTaPR,0.1,0.5,0.3,0.19551264856666972,5646.92434691824
100k-200seg-50L,PreQ-NegP-R,43,2025,eTaPR,0.1,0.6,0.01,0.7869897109076498,3474.93610996753
100k-200seg-50L,PreQ-NegP-R,43,2026,eTaPR,0.1,0.6,0.01,0.7869897109076498,3460.30677203089
100k-200seg-50L,PreQ-NegP-R,43,2027,eTaPR,0.1,0.6,0.01,0.7869897109076498,3457.2276428807527
100k-200seg-50L,PreQ-NegP-R,43,2025,eTaPR,0.1,0.6,0.05,0.5941354643211325,4787.088553188369
100k-200seg-50L,PreQ-NegP-R,43,2026,eTaPR,0.1,0.6,0.05,0.5941354643211325,4783.55861408636
100k-200seg-50L,PreQ-NegP-R,43,2027,eTaPR,0.1,0.6,0.05,0.5941354643211325,4791.099559981376
100k-200seg-50L,PreQ-NegP-R,43,2025,eTaPR,0.1,0.6,0.1,0.4900653601035547,5332.997594960034
100k-200seg-50L,PreQ-NegP-R,43,2026,eTaPR,0.1,0.6,0.1,0.4900653601035547,5272.202855907381
100k-200seg-50L,PreQ-NegP-R,43,2027,eTaPR,0.1,0.6,0.1,0.4900653601035547,5267.434413777664
100k-200seg-50L,PreQ-NegP-R,43,2025,eTaPR,0.1,0.6,0.3,0.2507751594629008,5697.313048876822
100k-200seg-50L,PreQ-NegP-R,43,2026,eTaPR,0.1,0.6,0.3,0.2507751594629008,5700.822525890544
100k-200seg-50L,PreQ-NegP-R,43,2027,eTaPR,0.1,0.6,0.3,0.2507751594629008,5695.318846032023
100k-200seg-50L,PreQ-NegP-R,43,2025,eTaPR,0.1,0.7,0.01,0.8026412411209809,3287.915305001661
100k-200seg-50L,PreQ-NegP-R,43,2026,eTaPR,0.1,0.7,0.01,0.8026412411209809,3283.1058599986136
100k-200seg-50L,PreQ-NegP-R,43,2027,eTaPR,0.1,0.7,0.01,0.8026412411209809,3278.979654889554
100k-200seg-50L,PreQ-NegP-R,43,2025,eTaPR,0.1,0.7,0.05,0.6287733734016737,4702.582906000316
100k-200seg-50L,PreQ-NegP-R,43,2026,eTaPR,0.1,0.7,0.05,0.6287733734016737,4632.057977141812
100k-200seg-50L,PreQ-NegP-R,43,2027,eTaPR,0.1,0.7,0.05,0.6287733734016737,4620.526514947414
100k-200seg-50L,PreQ-NegP-R,43,2025,eTaPR,0.1,0.7,0.1,0.5076607426259057,5137.995183002204
100k-200seg-50L,PreQ-NegP-R,43,2026,eTaPR,0.1,0.7,0.1,0.5076607426259057,5142.182969022542
100k-200seg-50L,PreQ-NegP-R,43,2027,eTaPR,0.1,0.7,0.1,0.5076607426259057,5141.611963976175
100k-200seg-50L,PreQ-NegP-R,43,2025,eTaPR,0.1,0.7,0.3,0.3030562688250966,5599.675094941631
100k-200seg-50L,PreQ-NegP-R,43,2026,eTaPR,0.1,0.7,0.3,0.3030562688250966,5592.491711024195
100k-200seg-50L,PreQ-NegP-R,43,2027,eTaPR,0.1,0.7,0.3,0.3030562688250966,5681.2806280795485
100k-200seg-50L,PreQ-NegP-R,43,2025,eTaPR,0.1,0.8,0.01,0.8136979543129803,3227.7864769566804
100k-200seg-50L,PreQ-NegP-R,43,2026,eTaPR,0.1,0.8,0.01,0.8136979543129803,3215.447536902502
100k-200seg-50L,PreQ-NegP-R,43,2027,eTaPR,0.1,0.8,0.01,0.8136979543129803,3218.434775946662
100k-200seg-50L,PreQ-NegP-R,43,2025,eTaPR,0.1,0.8,0.05,0.6512654215051982,4475.511433091015
100k-200seg-50L,PreQ-NegP-R,43,2026,eTaPR,0.1,0.8,0.05,0.6512654215051982,4498.929488938302
100k-200seg-50L,PreQ-NegP-R,43,2027,eTaPR,0.1,0.8,0.05,0.6512654215051982,4476.167979184538
100k-200seg-50L,PreQ-NegP-R,43,2025,eTaPR,0.1,0.8,0.1,0.5428279445673414,5016.598204849288
100k-200seg-50L,PreQ-NegP-R,43,2026,eTaPR,0.1,0.8,0.1,0.5428279445673414,5042.362762149423
100k-200seg-50L,PreQ-NegP-R,43,2027,eTaPR,0.1,0.8,0.1,0.5428279445673414,5016.762593993917
100k-200seg-50L,PreQ-NegP-R,43,2025,eTaPR,0.1,0.8,0.3,0.3220688550311653,5641.499670222402
100k-200seg-50L,PreQ-NegP-R,43,2026,eTaPR,0.1,0.8,0.3,0.3220688550311653,5598.068167921156
100k-200seg-50L,PreQ-NegP-R,43,2027,eTaPR,0.1,0.8,0.3,0.3220688550311653,5598.152712918818
100k-200seg-50L,PreQ-NegP-R,43,2025,eTaPR,0.1,0.9,0.01,0.8256016461720351,3147.7288510650396
100k-200seg-50L,PreQ-NegP-R,43,2026,eTaPR,0.1,0.9,0.01,0.8256016461720351,3144.279262982309
100k-200seg-50L,PreQ-NegP-R,43,2027,eTaPR,0.1,0.9,0.01,0.8256016461720351,3149.56012298353
100k-200seg-50L,PreQ-NegP-R,43,2025,eTaPR,0.1,0.9,0.05,0.665951541920261,4336.243321187794
100k-200seg-50L,PreQ-NegP-R,43,2026,eTaPR,0.1,0.9,0.05,0.665951541920261,4325.195905053988
100k-200seg-50L,PreQ-NegP-R,43,2027,eTaPR,0.1,0.9,0.05,0.665951541920261,4332.938585197553
100k-200seg-50L,PreQ-NegP-R,43,2025,eTaPR,0.1,0.9,0.1,0.5613922359287972,4973.118086811155
100k-200seg-50L,PreQ-NegP-R,43,2026,eTaPR,0.1,0.9,0.1,0.5613922359287972,5053.136717993766
100k-200seg-50L,PreQ-NegP-R,43,2027,eTaPR,0.1,0.9,0.1,0.5613922359287972,4955.707886023447
