case_name,model_name,case_seed,score_seed,metric_name,q,p,val,latency
100k-20seg-50L,PreQ-NegP,42,2025,PATE,0.1,0.01,0.034197173063926,14036.612265743315
100k-20seg-50L,PreQ-NegP,42,2026,PATE,0.1,0.01,0.03195934572596004,8507.510235067457
100k-20seg-50L,PreQ-NegP,42,2027,PATE,0.1,0.01,0.03199596435239911,8706.745143979788
100k-20seg-50L,PreQ-NegP,42,2025,PATE,0.1,0.05,0.020369103828483066,8674.403227865696
100k-20seg-50L,PreQ-NegP,42,2026,PATE,0.1,0.05,0.02031071670597707,8486.460512969643
100k-20seg-50L,PreQ-NegP,42,2027,PATE,0.1,0.05,0.019388658843606677,8633.078547660261
100k-20seg-50L,PreQ-NegP,42,2025,PATE,0.1,0.1,0.01765078462842233,8627.018934115767
100k-20seg-50L,PreQ-NegP,42,2026,PATE,0.1,0.1,0.017888749626118243,8604.606032371521
100k-20seg-50L,PreQ-NegP,42,2027,PATE,0.1,0.1,0.0168223834139385,8780.791219323874
100k-20seg-50L,PreQ-NegP,42,2025,PATE,0.1,0.3,0.013875718433236806,8943.981869146228
100k-20seg-50L,PreQ-NegP,42,2026,PATE,0.1,0.3,0.014159457976882605,9149.309475906193
100k-20seg-50L,PreQ-NegP,42,2027,PATE,0.1,0.3,0.013488779953524987,9063.915443141013
100k-20seg-50L,PreQ-NegP,42,2025,PATE,0.2,0.01,0.06484228707926806,7705.042854882777
100k-20seg-50L,PreQ-NegP,42,2026,PATE,0.2,0.01,0.06458550306258405,7685.793531127274
100k-20seg-50L,PreQ-NegP,42,2027,PATE,0.2,0.01,0.06588509826117933,7729.1621579788625
100k-20seg-50L,PreQ-NegP,42,2025,PATE,0.2,0.05,0.028896988301136177,7854.693198110908
100k-20seg-50L,PreQ-NegP,42,2026,PATE,0.2,0.05,0.030275730128959705,7768.534400034696
100k-20seg-50L,PreQ-NegP,42,2027,PATE,0.2,0.05,0.028440320810838634,8032.970387954265
100k-20seg-50L,PreQ-NegP,42,2025,PATE,0.2,0.1,0.022211021654360175,8034.8107209429145
100k-20seg-50L,PreQ-NegP,42,2026,PATE,0.2,0.1,0.023499810680921586,7925.3770699724555
100k-20seg-50L,PreQ-NegP,42,2027,PATE,0.2,0.1,0.021419432684583344,8055.682076141238
100k-20seg-50L,PreQ-NegP,42,2025,PATE,0.2,0.3,0.015729052707513597,8696.273687295616
100k-20seg-50L,PreQ-NegP,42,2026,PATE,0.2,0.3,0.01653385865734386,8635.335215833038
100k-20seg-50L,PreQ-NegP,42,2027,PATE,0.2,0.3,0.015434967025634131,8684.516835957766
100k-20seg-50L,PreQ-NegP,42,2025,PATE,0.3,0.01,0.11450042955099085,7263.923032209277
100k-20seg-50L,PreQ-NegP,42,2026,PATE,0.3,0.01,0.10846909087270402,7229.991260915995
100k-20seg-50L,PreQ-NegP,42,2027,PATE,0.3,0.01,0.11190688987426435,7246.8341160565615
100k-20seg-50L,PreQ-NegP,42,2025,PATE,0.3,0.05,0.04395188737026906,7628.9081908762455
100k-20seg-50L,PreQ-NegP,42,2026,PATE,0.3,0.05,0.04350954724695741,7442.361298017204
100k-20seg-50L,PreQ-NegP,42,2027,PATE,0.3,0.05,0.0421789241597853,7368.449630681425
100k-20seg-50L,PreQ-NegP,42,2025,PATE,0.3,0.1,0.030777261929954787,7807.097256183624
100k-20seg-50L,PreQ-NegP,42,2026,PATE,0.3,0.1,0.030811219280760083,7922.396166715771
100k-20seg-50L,PreQ-NegP,42,2027,PATE,0.3,0.1,0.028944939820748472,7757.335655391216
100k-20seg-50L,PreQ-NegP,42,2025,PATE,0.3,0.3,0.01882872526073379,8144.367469940335
100k-20seg-50L,PreQ-NegP,42,2026,PATE,0.3,0.3,0.019131535651207707,8338.512264657766
100k-20seg-50L,PreQ-NegP,42,2027,PATE,0.3,0.3,0.018056054383705562,8314.846432767808
100k-20seg-50L,PreQ-NegP,42,2025,PATE,0.4,0.01,0.16587595532115126,6675.847250036895
100k-20seg-50L,PreQ-NegP,42,2026,PATE,0.4,0.01,0.16709852379598927,6867.3858707770705
100k-20seg-50L,PreQ-NegP,42,2027,PATE,0.4,0.01,0.16581924667452827,7021.7311680316925
100k-20seg-50L,PreQ-NegP,42,2025,PATE,0.4,0.05,0.06088495882684697,7296.75302002579
100k-20seg-50L,PreQ-NegP,42,2026,PATE,0.4,0.05,0.05964144214126145,7099.422312807292
100k-20seg-50L,PreQ-NegP,42,2027,PATE,0.4,0.05,0.05864033437303689,7050.642820075154
100k-20seg-50L,PreQ-NegP,42,2025,PATE,0.4,0.1,0.04023367034645284,7587.366043124348
100k-20seg-50L,PreQ-NegP,42,2026,PATE,0.4,0.1,0.03934257168925194,7598.405872005969
100k-20seg-50L,PreQ-NegP,42,2027,PATE,0.4,0.1,0.037690870107621,7416.87300009653
100k-20seg-50L,PreQ-NegP,42,2025,PATE,0.4,0.3,0.02197676700360074,7783.044383395463
100k-20seg-50L,PreQ-NegP,42,2026,PATE,0.4,0.3,0.02217260314715256,7841.316753998399
100k-20seg-50L,PreQ-NegP,42,2027,PATE,0.4,0.3,0.020903050249262332,7909.393982961774
100k-20seg-50L,PreQ-NegP,42,2025,PATE,0.5,0.01,0.2346270368352569,6991.596066392958
100k-20seg-50L,PreQ-NegP,42,2026,PATE,0.5,0.01,0.22380591201437444,6655.645336024463
100k-20seg-50L,PreQ-NegP,42,2027,PATE,0.5,0.01,0.22317002970509292,6620.369629003108
100k-20seg-50L,PreQ-NegP,42,2025,PATE,0.5,0.05,0.08257558821296791,6878.507200162858
100k-20seg-50L,PreQ-NegP,42,2026,PATE,0.5,0.05,0.0826989764511591,6969.611128326505
100k-20seg-50L,PreQ-NegP,42,2027,PATE,0.5,0.05,0.0778109500855466,6996.1034981533885
100k-20seg-50L,PreQ-NegP,42,2025,PATE,0.5,0.1,0.0502561502102593,6850.251276046038
100k-20seg-50L,PreQ-NegP,42,2026,PATE,0.5,0.1,0.05097027179700866,6853.67818782106
100k-20seg-50L,PreQ-NegP,42,2027,PATE,0.5,0.1,0.04711922950102685,6971.347813028842
100k-20seg-50L,PreQ-NegP,42,2025,PATE,0.5,0.3,0.02539427332720241,7825.808580033481
100k-20seg-50L,PreQ-NegP,42,2026,PATE,0.5,0.3,0.02572711740975918,7810.070628300309
100k-20seg-50L,PreQ-NegP,42,2027,PATE,0.5,0.3,0.024352263572001938,7590.2925240807235
100k-20seg-50L,PreQ-NegP,42,2025,PATE,0.6,0.01,0.30505312319257083,6111.2659513019025
100k-20seg-50L,PreQ-NegP,42,2026,PATE,0.6,0.01,0.2914399300523848,5691.399240866303
100k-20seg-50L,PreQ-NegP,42,2027,PATE,0.6,0.01,0.285640222809362,6085.256611928344
100k-20seg-50L,PreQ-NegP,42,2025,PATE,0.6,0.05,0.1062114489528191,6712.61785691604
100k-20seg-50L,PreQ-NegP,42,2026,PATE,0.6,0.05,0.10636777794882753,5850.598950870335
100k-20seg-50L,PreQ-NegP,42,2027,PATE,0.6,0.05,0.09867792029240435,5555.13495625928
100k-20seg-50L,PreQ-NegP,42,2025,PATE,0.6,0.1,0.06405429650290759,6205.495578236878
100k-20seg-50L,PreQ-NegP,42,2026,PATE,0.6,0.1,0.06389022715183043,6360.890483949333
100k-20seg-50L,PreQ-NegP,42,2027,PATE,0.6,0.1,0.05843218907003331,6270.318648777902
100k-20seg-50L,PreQ-NegP,42,2025,PATE,0.6,0.3,0.030030100456312405,7412.218025885522
100k-20seg-50L,PreQ-NegP,42,2026,PATE,0.6,0.3,0.029478004295456346,7673.63478988409
100k-20seg-50L,PreQ-NegP,42,2027,PATE,0.6,0.3,0.027996840537150916,7263.51281395182
100k-20seg-50L,PreQ-NegP,42,2025,PATE,0.7,0.01,0.3787347216565409,5332.570977974683
100k-20seg-50L,PreQ-NegP,42,2026,PATE,0.7,0.01,0.35582524747652794,5368.343173060566
100k-20seg-50L,PreQ-NegP,42,2027,PATE,0.7,0.01,0.3540450378647779,5660.746454726905
100k-20seg-50L,PreQ-NegP,42,2025,PATE,0.7,0.05,0.1345882784533917,5335.296032950282
100k-20seg-50L,PreQ-NegP,42,2026,PATE,0.7,0.05,0.12534322504307305,5406.600190792233
100k-20seg-50L,PreQ-NegP,42,2027,PATE,0.7,0.05,0.12177690301268963,5052.7445413172245
100k-20seg-50L,PreQ-NegP,42,2025,PATE,0.7,0.1,0.07891016084073132,5738.721998874098
100k-20seg-50L,PreQ-NegP,42,2026,PATE,0.7,0.1,0.07440233680684968,5644.958096090704
100k-20seg-50L,PreQ-NegP,42,2027,PATE,0.7,0.1,0.0712813969817086,5767.105626408011
100k-20seg-50L,PreQ-NegP,42,2025,PATE,0.7,0.3,0.034933922813741844,6877.668647095561
100k-20seg-50L,PreQ-NegP,42,2026,PATE,0.7,0.3,0.03432469187112762,6760.812154971063
100k-20seg-50L,PreQ-NegP,42,2027,PATE,0.7,0.3,0.03232639816351452,6936.455620918423
100k-20seg-50L,PreQ-NegP,42,2025,PATE,0.8,0.01,0.44519357380085967,4940.36338897422
100k-20seg-50L,PreQ-NegP,42,2026,PATE,0.8,0.01,0.425260414116966,4838.03735813126
100k-20seg-50L,PreQ-NegP,42,2027,PATE,0.8,0.01,0.42841031616031233,4645.790616050363
100k-20seg-50L,PreQ-NegP,42,2025,PATE,0.8,0.05,0.16208344392613516,4931.57241679728
100k-20seg-50L,PreQ-NegP,42,2026,PATE,0.8,0.05,0.15758321435546482,4978.692176286131
100k-20seg-50L,PreQ-NegP,42,2027,PATE,0.8,0.05,0.14911266971377934,4975.138148292899
100k-20seg-50L,PreQ-NegP,42,2025,PATE,0.8,0.1,0.09385631921816204,5320.165851153433
100k-20seg-50L,PreQ-NegP,42,2026,PATE,0.8,0.1,0.09123416286893468,5238.291644025594
100k-20seg-50L,PreQ-NegP,42,2027,PATE,0.8,0.1,0.08609862637589635,5423.047607764602
100k-20seg-50L,PreQ-NegP,42,2025,PATE,0.8,0.3,0.03998756114360456,6737.525591161102
100k-20seg-50L,PreQ-NegP,42,2026,PATE,0.8,0.3,0.038695008453421546,6868.409977760166
100k-20seg-50L,PreQ-NegP,42,2027,PATE,0.8,0.3,0.037118156015097964,6837.215969804674
100k-20seg-50L,PreQ-NegP,42,2025,PATE,0.9,0.01,0.5202017114988534,4563.835675828159
100k-20seg-50L,PreQ-NegP,42,2026,PATE,0.9,0.01,0.4970013678572769,4683.40600701049
100k-20seg-50L,PreQ-NegP,42,2027,PATE,0.9,0.01,0.5072692639595886,4380.265993997455
100k-20seg-50L,PreQ-NegP,42,2025,PATE,0.9,0.05,0.19234091018001861,4696.621542796493
100k-20seg-50L,PreQ-NegP,42,2026,PATE,0.9,0.05,0.19007076418242946,4749.321711715311
100k-20seg-50L,PreQ-NegP,42,2027,PATE,0.9,0.05,0.18249003636416472,4605.094762053341
100k-20seg-50L,PreQ-NegP,42,2025,PATE,0.9,0.1,0.1100441749491343,5104.375868104398
100k-20seg-50L,PreQ-NegP,42,2026,PATE,0.9,0.1,0.10897923461116307,5117.055130191147
100k-20seg-50L,PreQ-NegP,42,2027,PATE,0.9,0.1,0.10384411337368772,5204.297848045826
100k-20seg-50L,PreQ-NegP,42,2025,PATE,0.9,0.3,0.04614579409593291,6798.121669329703
100k-20seg-50L,PreQ-NegP,42,2026,PATE,0.9,0.3,0.04478039650033229,6299.344495870173
100k-20seg-50L,PreQ-NegP,42,2027,PATE,0.9,0.3,0.04349951032721179,6393.562238663435
100k-20seg-50L,PreQ-NegP,42,2025,PATE,1.0,0.01,0.5601748368711243,1696.5897371992469
100k-20seg-50L,PreQ-NegP,42,2026,PATE,1.0,0.01,0.5545890275532914,1724.9977560713887
100k-20seg-50L,PreQ-NegP,42,2027,PATE,1.0,0.01,0.5647583334580452,1708.42703897506
100k-20seg-50L,PreQ-NegP,42,2025,PATE,1.0,0.05,0.21867174358410163,2220.9189939312637
100k-20seg-50L,PreQ-NegP,42,2026,PATE,1.0,0.05,0.2072164764073587,2243.9763518050313
100k-20seg-50L,PreQ-NegP,42,2027,PATE,1.0,0.05,0.21630084038165076,2336.9798930361867
100k-20seg-50L,PreQ-NegP,42,2025,PATE,1.0,0.1,0.12699957475007717,2977.9183878563344
100k-20seg-50L,PreQ-NegP,42,2026,PATE,1.0,0.1,0.12112755834870016,2964.820488821715
100k-20seg-50L,PreQ-NegP,42,2027,PATE,1.0,0.1,0.12058272094707208,2999.725994654
100k-20seg-50L,PreQ-NegP,42,2025,PATE,1.0,0.3,0.05054390979438506,5443.774508312345
100k-20seg-50L,PreQ-NegP,42,2026,PATE,1.0,0.3,0.04953427585152273,5418.962225783616
100k-20seg-50L,PreQ-NegP,42,2027,PATE,1.0,0.3,0.048443746131086526,5488.577937707305
100k-200seg-50L,PreQ-NegP,43,2025,PATE,0.1,0.01,0.21471800081164644,115876.71565078199
100k-200seg-50L,PreQ-NegP,43,2026,PATE,0.1,0.01,0.223770218641238,116246.36522680521
100k-200seg-50L,PreQ-NegP,43,2027,PATE,0.1,0.01,0.22358524337877678,115957.95349404216
100k-200seg-50L,PreQ-NegP,43,2025,PATE,0.1,0.05,0.16661515552450956,117508.67691403255
100k-200seg-50L,PreQ-NegP,43,2026,PATE,0.1,0.05,0.16806859413797637,115828.03304307163
100k-200seg-50L,PreQ-NegP,43,2027,PATE,0.1,0.05,0.17383127016152947,117538.15473336726
100k-200seg-50L,PreQ-NegP,43,2025,PATE,0.1,0.1,0.14662544536777836,119096.90120676532
100k-200seg-50L,PreQ-NegP,43,2026,PATE,0.1,0.1,0.1475795036234922,117610.56167026982
100k-200seg-50L,PreQ-NegP,43,2027,PATE,0.1,0.1,0.154302484158077,120114.07491797581
100k-200seg-50L,PreQ-NegP,43,2025,PATE,0.1,0.3,0.11889732994736468,122400.91193234548
100k-200seg-50L,PreQ-NegP,43,2026,PATE,0.1,0.3,0.11870446487891934,122767.83829601482
100k-200seg-50L,PreQ-NegP,43,2027,PATE,0.1,0.3,0.11846133331484837,123745.8829563111
100k-200seg-50L,PreQ-NegP,43,2025,PATE,0.2,0.01,0.31780538512286793,112958.03661225364
100k-200seg-50L,PreQ-NegP,43,2026,PATE,0.2,0.01,0.3180116481436873,111902.14114403352
100k-200seg-50L,PreQ-NegP,43,2027,PATE,0.2,0.01,0.31798897511805213,112708.1771059893
100k-200seg-50L,PreQ-NegP,43,2025,PATE,0.2,0.05,0.22272789750872396,111454.3803371489
100k-200seg-50L,PreQ-NegP,43,2026,PATE,0.2,0.05,0.22824743849775586,112437.4829530716
100k-200seg-50L,PreQ-NegP,43,2027,PATE,0.2,0.05,0.23143009018635383,113753.2737958245
100k-200seg-50L,PreQ-NegP,43,2025,PATE,0.2,0.1,0.18382519380438314,115401.14431316033
100k-200seg-50L,PreQ-NegP,43,2026,PATE,0.2,0.1,0.1838810687236589,113602.50142915174
100k-200seg-50L,PreQ-NegP,43,2027,PATE,0.2,0.1,0.19178798353187354,114930.68167567253
100k-200seg-50L,PreQ-NegP,43,2025,PATE,0.2,0.3,0.13596324628363465,118888.54157505557
100k-200seg-50L,PreQ-NegP,43,2026,PATE,0.2,0.3,0.13601797834372206,118474.76319689304
100k-200seg-50L,PreQ-NegP,43,2027,PATE,0.2,0.3,0.14330735339745412,120163.65763125941
100k-200seg-50L,PreQ-NegP,43,2025,PATE,0.3,0.01,0.3992805975118945,106700.38485433906
100k-200seg-50L,PreQ-NegP,43,2026,PATE,0.3,0.01,0.400735196957027,105774.31237697601
100k-200seg-50L,PreQ-NegP,43,2027,PATE,0.3,0.01,0.41128363572599236,107725.02578468993
100k-200seg-50L,PreQ-NegP,43,2025,PATE,0.3,0.05,0.2853693689326324,107725.23614997044
100k-200seg-50L,PreQ-NegP,43,2026,PATE,0.3,0.05,0.2857714406289174,106377.2551920265
100k-200seg-50L,PreQ-NegP,43,2027,PATE,0.3,0.05,0.2932407905648656,107678.50641300902
100k-200seg-50L,PreQ-NegP,43,2025,PATE,0.3,0.1,0.22747020432061388,112491.47887388244
100k-200seg-50L,PreQ-NegP,43,2026,PATE,0.3,0.1,0.22731706695834708,115201.8383149989
100k-200seg-50L,PreQ-NegP,43,2027,PATE,0.3,0.1,0.2349520551616785,135676.90160358325
100k-200seg-50L,PreQ-NegP,43,2025,PATE,0.3,0.3,0.15443191788189864,141565.946620889
100k-200seg-50L,PreQ-NegP,43,2026,PATE,0.3,0.3,0.15498255815666478,140615.6477429904
100k-200seg-50L,PreQ-NegP,43,2027,PATE,0.3,0.3,0.1557969310340332,141144.11915885285
100k-200seg-50L,PreQ-NegP,43,2025,PATE,0.4,0.01,0.4981257754227003,120039.30247481912
100k-200seg-50L,PreQ-NegP,43,2026,PATE,0.4,0.01,0.4983721004587506,120216.6004171595
100k-200seg-50L,PreQ-NegP,43,2027,PATE,0.4,0.01,0.49369972672505713,121034.70503678545
100k-200seg-50L,PreQ-NegP,43,2025,PATE,0.4,0.05,0.3518146889197129,121295.60508020222
100k-200seg-50L,PreQ-NegP,43,2026,PATE,0.4,0.05,0.3567500120636826,119973.0378575623
100k-200seg-50L,PreQ-NegP,43,2027,PATE,0.4,0.05,0.35860011494442634,122396.0713329725
100k-200seg-50L,PreQ-NegP,43,2025,PATE,0.4,0.1,0.2758901542311257,123861.06305709109
100k-200seg-50L,PreQ-NegP,43,2026,PATE,0.4,0.1,0.2760187874875872,125117.88915423676
100k-200seg-50L,PreQ-NegP,43,2027,PATE,0.4,0.1,0.28273504058275845,123966.33978001773
100k-200seg-50L,PreQ-NegP,43,2025,PATE,0.4,0.3,0.1774491740979231,140277.01924694702
100k-200seg-50L,PreQ-NegP,43,2026,PATE,0.4,0.3,0.1784589278742347,136988.2859843783
100k-200seg-50L,PreQ-NegP,43,2027,PATE,0.4,0.3,0.17977494568425192,138740.55546103045
100k-200seg-50L,PreQ-NegP,43,2025,PATE,0.5,0.01,0.5832366049911935,112716.20085695758
100k-200seg-50L,PreQ-NegP,43,2026,PATE,0.5,0.01,0.5751333629362793,111433.95411316305
100k-200seg-50L,PreQ-NegP,43,2027,PATE,0.5,0.01,0.5852884889328775,111322.78691465035
100k-200seg-50L,PreQ-NegP,43,2025,PATE,0.5,0.05,0.426812441917441,114774.91420460865
100k-200seg-50L,PreQ-NegP,43,2026,PATE,0.5,0.05,0.4238228532763899,114728.88500476256
100k-200seg-50L,PreQ-NegP,43,2027,PATE,0.5,0.05,0.4298528957228891,108801.16651486605
100k-200seg-50L,PreQ-NegP,43,2025,PATE,0.5,0.1,0.33321629313957435,112767.83562498167
100k-200seg-50L,PreQ-NegP,43,2026,PATE,0.5,0.1,0.32933237611867056,107767.09890784696
100k-200seg-50L,PreQ-NegP,43,2027,PATE,0.5,0.1,0.3355123315355698,109288.55146793649
100k-200seg-50L,PreQ-NegP,43,2025,PATE,0.5,0.3,0.2025415642324192,117918.72474597767
100k-200seg-50L,PreQ-NegP,43,2026,PATE,0.5,0.3,0.20479880966538552,121417.2796048224
100k-200seg-50L,PreQ-NegP,43,2027,PATE,0.5,0.3,0.20991931779654838,116417.37681208178
100k-200seg-50L,PreQ-NegP,43,2025,PATE,0.6,0.01,0.6604537967921305,88661.2370540388
100k-200seg-50L,PreQ-NegP,43,2026,PATE,0.6,0.01,0.6565822526287691,92053.1254610978
100k-200seg-50L,PreQ-NegP,43,2027,PATE,0.6,0.01,0.6653414078930194,90129.79784980416
100k-200seg-50L,PreQ-NegP,43,2025,PATE,0.6,0.05,0.4929609278846063,93576.90340513363
100k-200seg-50L,PreQ-NegP,43,2026,PATE,0.6,0.05,0.49329626281520467,92302.74908430874
100k-200seg-50L,PreQ-NegP,43,2027,PATE,0.6,0.05,0.4925948052115514,91439.92238305509
100k-200seg-50L,PreQ-NegP,43,2025,PATE,0.6,0.1,0.3864894622673489,96435.68466417491
100k-200seg-50L,PreQ-NegP,43,2026,PATE,0.6,0.1,0.3829999512018869,93184.84384892508
100k-200seg-50L,PreQ-NegP,43,2027,PATE,0.6,0.1,0.38561961313961635,94871.66486401111
100k-200seg-50L,PreQ-NegP,43,2025,PATE,0.6,0.3,0.2321972594012704,112482.77755174786
100k-200seg-50L,PreQ-NegP,43,2026,PATE,0.6,0.3,0.2330636131148825,109788.75133395195
100k-200seg-50L,PreQ-NegP,43,2027,PATE,0.6,0.3,0.2361296201439012,104461.20450412855
100k-200seg-50L,PreQ-NegP,43,2025,PATE,0.7,0.01,0.7341785523332888,77217.49044116586
100k-200seg-50L,PreQ-NegP,43,2026,PATE,0.7,0.01,0.7298331152261971,76673.93255699426
100k-200seg-50L,PreQ-NegP,43,2027,PATE,0.7,0.01,0.7297893490813105,76017.10956031457
100k-200seg-50L,PreQ-NegP,43,2025,PATE,0.7,0.05,0.5576874044386317,80329.65066842735
100k-200seg-50L,PreQ-NegP,43,2026,PATE,0.7,0.05,0.5646689753089459,81163.84757496417
100k-200seg-50L,PreQ-NegP,43,2027,PATE,0.7,0.05,0.5545580334874154,81592.69684087485
100k-200seg-50L,PreQ-NegP,43,2025,PATE,0.7,0.1,0.4418056782206862,85908.45935000107
100k-200seg-50L,PreQ-NegP,43,2026,PATE,0.7,0.1,0.44180184212195983,84733.98254998028
100k-200seg-50L,PreQ-NegP,43,2027,PATE,0.7,0.1,0.43722561301845,84997.25991208106
100k-200seg-50L,PreQ-NegP,43,2025,PATE,0.7,0.3,0.26003642027137697,99728.30910887569
100k-200seg-50L,PreQ-NegP,43,2026,PATE,0.7,0.3,0.262691732006921,97857.9057790339
100k-200seg-50L,PreQ-NegP,43,2027,PATE,0.7,0.3,0.2641680999460028,98693.57581203803
100k-200seg-50L,PreQ-NegP,43,2025,PATE,0.8,0.01,0.804504820828256,71750.23717898875
100k-200seg-50L,PreQ-NegP,43,2026,PATE,0.8,0.01,0.8124483815297876,71013.5023300536
100k-200seg-50L,PreQ-NegP,43,2027,PATE,0.8,0.01,0.8083451981308563,70885.79720212147
100k-200seg-50L,PreQ-NegP,43,2025,PATE,0.8,0.05,0.627001923795262,74507.76791293174
100k-200seg-50L,PreQ-NegP,43,2026,PATE,0.8,0.05,0.6323394634032329,74589.86625308171
100k-200seg-50L,PreQ-NegP,43,2027,PATE,0.8,0.05,0.6219122101965333,75211.1117709428
100k-200seg-50L,PreQ-NegP,43,2025,PATE,0.8,0.1,0.5008058740199794,80040.16024619341
100k-200seg-50L,PreQ-NegP,43,2026,PATE,0.8,0.1,0.4982680424696444,79928.31995198503
100k-200seg-50L,PreQ-NegP,43,2027,PATE,0.8,0.1,0.4933083507110891,80441.70945324004
100k-200seg-50L,PreQ-NegP,43,2025,PATE,0.8,0.3,0.2890911627419096,96149.71028501168
100k-200seg-50L,PreQ-NegP,43,2026,PATE,0.8,0.3,0.29324906646447074,95759.9017736502
100k-200seg-50L,PreQ-NegP,43,2027,PATE,0.8,0.3,0.294133433828736,95176.89262889326
100k-200seg-50L,PreQ-NegP,43,2025,PATE,0.9,0.01,0.8776782739566661,65147.17415627092
100k-200seg-50L,PreQ-NegP,43,2026,PATE,0.9,0.01,0.8789023509007364,65248.82292980328
100k-200seg-50L,PreQ-NegP,43,2027,PATE,0.9,0.01,0.8748453634840191,64555.71424309164
100k-200seg-50L,PreQ-NegP,43,2025,PATE,0.9,0.05,0.6899645304036768,69307.41590214893
100k-200seg-50L,PreQ-NegP,43,2026,PATE,0.9,0.05,0.6940813186679236,70822.8754941374
100k-200seg-50L,PreQ-NegP,43,2027,PATE,0.9,0.05,0.6820170274496546,69268.81204778329
100k-200seg-50L,PreQ-NegP,43,2025,PATE,0.9,0.1,0.5531610097591548,74984.16311992332
100k-200seg-50L,PreQ-NegP,43,2026,PATE,0.9,0.1,0.558030410886603,75587.18554861844
100k-200seg-50L,PreQ-NegP,43,2027,PATE,0.9,0.1,0.5407801591802124,74722.51103119925
100k-200seg-50L,PreQ-NegP,43,2025,PATE,0.9,0.3,0.3208261374070011,93056.95494590327
100k-200seg-50L,PreQ-NegP,43,2026,PATE,0.9,0.3,0.3312627633131273,92801.07500171289
100k-200seg-50L,PreQ-NegP,43,2027,PATE,0.9,0.3,0.3192704229043209,92449.13549302146
100k-200seg-50L,PreQ-NegP,43,2025,PATE,1.0,0.01,0.934929500004973,61521.06523513794
100k-200seg-50L,PreQ-NegP,43,2026,PATE,1.0,0.01,0.9324823776633038,61823.84919375181
100k-200seg-50L,PreQ-NegP,43,2027,PATE,1.0,0.01,0.9305274707344946,60716.50480804965
100k-200seg-50L,PreQ-NegP,43,2025,PATE,1.0,0.05,0.7468319667345852,65281.567429192364
100k-200seg-50L,PreQ-NegP,43,2026,PATE,1.0,0.05,0.7436517588026953,65751.49977626279
100k-200seg-50L,PreQ-NegP,43,2027,PATE,1.0,0.05,0.7376566608526766,65883.29076208174
100k-200seg-50L,PreQ-NegP,43,2025,PATE,1.0,0.1,0.6053966048376938,70886.30289118737
100k-200seg-50L,PreQ-NegP,43,2026,PATE,1.0,0.1,0.5992669878237605,71173.4231011942
100k-200seg-50L,PreQ-NegP,43,2027,PATE,1.0,0.1,0.5927064435353713,71516.90505677834
100k-200seg-50L,PreQ-NegP,43,2025,PATE,1.0,0.3,0.35265400672296876,90650.7917190902
100k-200seg-50L,PreQ-NegP,43,2026,PATE,1.0,0.3,0.35219052641847726,88978.30749722198
100k-200seg-50L,PreQ-NegP,43,2027,PATE,1.0,0.3,0.3535266554448541,90110.79986114055
100k-20seg-50H,PreQ-NegP,44,2025,PATE,0.1,0.01,0.03524411616064555,8699.99422505498
100k-20seg-50H,PreQ-NegP,44,2026,PATE,0.1,0.01,0.03369423206878625,8489.289710763842
100k-20seg-50H,PreQ-NegP,44,2027,PATE,0.1,0.01,0.03373788599052781,8569.1193100065
100k-20seg-50H,PreQ-NegP,44,2025,PATE,0.1,0.05,0.02146329025184544,8937.308757100254
100k-20seg-50H,PreQ-NegP,44,2026,PATE,0.1,0.05,0.021348182952151407,9060.463512782007
100k-20seg-50H,PreQ-NegP,44,2027,PATE,0.1,0.05,0.021159025922187685,8656.176766846329
100k-20seg-50H,PreQ-NegP,44,2025,PATE,0.1,0.1,0.018559475867356918,8924.203678965569
100k-20seg-50H,PreQ-NegP,44,2026,PATE,0.1,0.1,0.018489101023000522,8962.05096738413
100k-20seg-50H,PreQ-NegP,44,2027,PATE,0.1,0.1,0.018067242966850857,9154.324654955417
100k-20seg-50H,PreQ-NegP,44,2025,PATE,0.1,0.3,0.01428536418517815,9473.173168953508
100k-20seg-50H,PreQ-NegP,44,2026,PATE,0.1,0.3,0.014393903241321674,9531.134770717472
100k-20seg-50H,PreQ-NegP,44,2027,PATE,0.1,0.3,0.014355120406918845,9654.911049641669
100k-20seg-50H,PreQ-NegP,44,2025,PATE,0.2,0.01,0.07740534940960425,8192.925137933344
100k-20seg-50H,PreQ-NegP,44,2026,PATE,0.2,0.01,0.07106380567889538,8201.251711696386
100k-20seg-50H,PreQ-NegP,44,2027,PATE,0.2,0.01,0.0750906212919693,7929.321080446243
100k-20seg-50H,PreQ-NegP,44,2025,PATE,0.2,0.05,0.03351803887268544,8150.753126014024
100k-20seg-50H,PreQ-NegP,44,2026,PATE,0.2,0.05,0.033094200519628976,8086.714230943471
100k-20seg-50H,PreQ-NegP,44,2027,PATE,0.2,0.05,0.032429843155738394,8118.094205856323
100k-20seg-50H,PreQ-NegP,44,2025,PATE,0.2,0.1,0.024842585472585457,8366.162111982703
100k-20seg-50H,PreQ-NegP,44,2026,PATE,0.2,0.1,0.02465657866966192,8475.165990181267
100k-20seg-50H,PreQ-NegP,44,2027,PATE,0.2,0.1,0.024488689780160493,8196.518018841743
100k-20seg-50H,PreQ-NegP,44,2025,PATE,0.2,0.3,0.016694582521934204,9069.197640754282
100k-20seg-50H,PreQ-NegP,44,2026,PATE,0.2,0.3,0.016997941351061013,9040.134479757398
100k-20seg-50H,PreQ-NegP,44,2027,PATE,0.2,0.3,0.01675715265746985,8969.66445678845
100k-20seg-50H,PreQ-NegP,44,2025,PATE,0.3,0.01,0.12899989911929982,7596.463255118579
100k-20seg-50H,PreQ-NegP,44,2026,PATE,0.3,0.01,0.11852560291311463,7805.025419220328
100k-20seg-50H,PreQ-NegP,44,2027,PATE,0.3,0.01,0.1242154772851207,7610.425927210599
100k-20seg-50H,PreQ-NegP,44,2025,PATE,0.3,0.05,0.049476748513529734,7524.075453169644
100k-20seg-50H,PreQ-NegP,44,2026,PATE,0.3,0.05,0.047912353847379935,7637.428230140358
100k-20seg-50H,PreQ-NegP,44,2027,PATE,0.3,0.05,0.0477076896620072,7586.667544208467
100k-20seg-50H,PreQ-NegP,44,2025,PATE,0.3,0.1,0.03333908148404027,7824.764539953321
100k-20seg-50H,PreQ-NegP,44,2026,PATE,0.3,0.1,0.03277861266400212,7916.407293174416
100k-20seg-50H,PreQ-NegP,44,2027,PATE,0.3,0.1,0.032524861812611605,8157.729793805629
100k-20seg-50H,PreQ-NegP,44,2025,PATE,0.3,0.3,0.019738247348337734,8434.598022140563
100k-20seg-50H,PreQ-NegP,44,2026,PATE,0.3,0.3,0.01981030032473848,8770.465889945626
100k-20seg-50H,PreQ-NegP,44,2027,PATE,0.3,0.3,0.01986401862640586,8597.055972088128
100k-20seg-50H,PreQ-NegP,44,2025,PATE,0.4,0.01,0.19095358683632596,7230.4915226995945
100k-20seg-50H,PreQ-NegP,44,2026,PATE,0.4,0.01,0.180844913702378,7044.887437019497
100k-20seg-50H,PreQ-NegP,44,2027,PATE,0.4,0.01,0.18867404442541166,7508.932849392295
100k-20seg-50H,PreQ-NegP,44,2025,PATE,0.4,0.05,0.06915005876871755,7770.362624898553
100k-20seg-50H,PreQ-NegP,44,2026,PATE,0.4,0.05,0.06888406775660885,7452.796095050871
100k-20seg-50H,PreQ-NegP,44,2027,PATE,0.4,0.05,0.06845704128484953,7155.433374922723
100k-20seg-50H,PreQ-NegP,44,2025,PATE,0.4,0.1,0.043562060186383325,7778.353790286928
100k-20seg-50H,PreQ-NegP,44,2026,PATE,0.4,0.1,0.0444858181286681,7571.1101409979165
100k-20seg-50H,PreQ-NegP,44,2027,PATE,0.4,0.1,0.04341533333118461,7217.438165098429
100k-20seg-50H,PreQ-NegP,44,2025,PATE,0.4,0.3,0.023410770094420892,8415.66028026864
100k-20seg-50H,PreQ-NegP,44,2026,PATE,0.4,0.3,0.02402386883930651,8322.38633511588
100k-20seg-50H,PreQ-NegP,44,2027,PATE,0.4,0.3,0.023546630939085277,8316.876283846796
100k-20seg-50H,PreQ-NegP,44,2025,PATE,0.5,0.01,0.2635142741805381,6710.25300398469
100k-20seg-50H,PreQ-NegP,44,2026,PATE,0.5,0.01,0.25138946334372636,7090.55821178481
100k-20seg-50H,PreQ-NegP,44,2027,PATE,0.5,0.01,0.2508184767623519,7259.370932821184
100k-20seg-50H,PreQ-NegP,44,2025,PATE,0.5,0.05,0.09478791528572302,7161.035068333149
100k-20seg-50H,PreQ-NegP,44,2026,PATE,0.5,0.05,0.09590180672151769,7016.794627998024
100k-20seg-50H,PreQ-NegP,44,2027,PATE,0.5,0.05,0.0913104506503282,6816.281551960856
100k-20seg-50H,PreQ-NegP,44,2025,PATE,0.5,0.1,0.057256855214007474,7139.120840001851
100k-20seg-50H,PreQ-NegP,44,2026,PATE,0.5,0.1,0.05889751578182164,7399.923169985414
100k-20seg-50H,PreQ-NegP,44,2027,PATE,0.5,0.1,0.05612221422457731,7208.450796082616
100k-20seg-50H,PreQ-NegP,44,2025,PATE,0.5,0.3,0.027960708027527044,7745.07156573236
100k-20seg-50H,PreQ-NegP,44,2026,PATE,0.5,0.3,0.028968303354455587,7868.82096901536
100k-20seg-50H,PreQ-NegP,44,2027,PATE,0.5,0.3,0.028534697380332597,7912.705489899963
100k-20seg-50H,PreQ-NegP,44,2025,PATE,0.6,0.01,0.32706012984110083,6203.856415115297
100k-20seg-50H,PreQ-NegP,44,2026,PATE,0.6,0.01,0.31688641728126665,6784.288617782295
100k-20seg-50H,PreQ-NegP,44,2027,PATE,0.6,0.01,0.3166192819871752,6059.804616961628
100k-20seg-50H,PreQ-NegP,44,2025,PATE,0.6,0.05,0.11965634481036896,5990.053759422153
100k-20seg-50H,PreQ-NegP,44,2026,PATE,0.6,0.05,0.11696282588659757,6185.407562647015
100k-20seg-50H,PreQ-NegP,44,2027,PATE,0.6,0.05,0.1142568101324659,6313.216012902558
100k-20seg-50H,PreQ-NegP,44,2025,PATE,0.6,0.1,0.0708469423476252,6463.920669164509
100k-20seg-50H,PreQ-NegP,44,2026,PATE,0.6,0.1,0.07112738953670181,6519.265300128609
100k-20seg-50H,PreQ-NegP,44,2027,PATE,0.6,0.1,0.06850906400158607,6348.231402225792
100k-20seg-50H,PreQ-NegP,44,2025,PATE,0.6,0.3,0.03313227717095594,7489.888998214155
100k-20seg-50H,PreQ-NegP,44,2026,PATE,0.6,0.3,0.03329544715099044,7795.5999611876905
100k-20seg-50H,PreQ-NegP,44,2027,PATE,0.6,0.3,0.03209876696279202,7530.561686027795
100k-20seg-50H,PreQ-NegP,44,2025,PATE,0.7,0.01,0.4036755292660096,5634.175902232528
100k-20seg-50H,PreQ-NegP,44,2026,PATE,0.7,0.01,0.3920345230481532,5770.149904303253
100k-20seg-50H,PreQ-NegP,44,2027,PATE,0.7,0.01,0.3916194130385342,5745.409303810447
100k-20seg-50H,PreQ-NegP,44,2025,PATE,0.7,0.05,0.1518641176939622,5850.723306182772
100k-20seg-50H,PreQ-NegP,44,2026,PATE,0.7,0.05,0.1529679645337988,5808.946858160198
100k-20seg-50H,PreQ-NegP,44,2027,PATE,0.7,0.05,0.1427008977397673,5734.29287597537
100k-20seg-50H,PreQ-NegP,44,2025,PATE,0.7,0.1,0.08843067386502354,6100.264573935419
100k-20seg-50H,PreQ-NegP,44,2026,PATE,0.7,0.1,0.08979358361398881,6090.586775913835
100k-20seg-50H,PreQ-NegP,44,2027,PATE,0.7,0.1,0.08360485454270011,6045.221862848848
100k-20seg-50H,PreQ-NegP,44,2025,PATE,0.7,0.3,0.03868479926986278,7310.6596251018345
100k-20seg-50H,PreQ-NegP,44,2026,PATE,0.7,0.3,0.039045148100716236,7513.108452316374
100k-20seg-50H,PreQ-NegP,44,2027,PATE,0.7,0.3,0.036771473238237165,7452.689717058092
100k-20seg-50H,PreQ-NegP,44,2025,PATE,0.8,0.01,0.45686870327665396,4994.9391251429915
100k-20seg-50H,PreQ-NegP,44,2026,PATE,0.8,0.01,0.47971575196680993,5062.68194783479
100k-20seg-50H,PreQ-NegP,44,2027,PATE,0.8,0.01,0.4685719730152733,4963.061737827957
100k-20seg-50H,PreQ-NegP,44,2025,PATE,0.8,0.05,0.17961375697037366,5247.567554935813
100k-20seg-50H,PreQ-NegP,44,2026,PATE,0.8,0.05,0.18939362091380915,5248.23979800567
100k-20seg-50H,PreQ-NegP,44,2027,PATE,0.8,0.05,0.17350457657320895,5269.227334763855
100k-20seg-50H,PreQ-NegP,44,2025,PATE,0.8,0.1,0.10744538114947158,5669.41406019032
100k-20seg-50H,PreQ-NegP,44,2026,PATE,0.8,0.1,0.11068556549237192,5807.665528729558
100k-20seg-50H,PreQ-NegP,44,2027,PATE,0.8,0.1,0.1010240012069482,5587.8716702573
100k-20seg-50H,PreQ-NegP,44,2025,PATE,0.8,0.3,0.044784954885644566,6997.113581746817
100k-20seg-50H,PreQ-NegP,44,2026,PATE,0.8,0.3,0.04568719797886495,7168.946499936283
100k-20seg-50H,PreQ-NegP,44,2027,PATE,0.8,0.3,0.04245985144547705,6963.800683151931
100k-20seg-50H,PreQ-NegP,44,2025,PATE,0.9,0.01,0.5528074744280956,4817.494990304112
100k-20seg-50H,PreQ-NegP,44,2026,PATE,0.9,0.01,0.5574295378552638,4719.823858700693
100k-20seg-50H,PreQ-NegP,44,2027,PATE,0.9,0.01,0.5378835249821179,4748.675443697721
100k-20seg-50H,PreQ-NegP,44,2025,PATE,0.9,0.05,0.2185452075839157,4914.576630108058
100k-20seg-50H,PreQ-NegP,44,2026,PATE,0.9,0.05,0.22356076269205405,4957.961720880121
100k-20seg-50H,PreQ-NegP,44,2027,PATE,0.9,0.05,0.2134769525163466,4912.775090895593
100k-20seg-50H,PreQ-NegP,44,2025,PATE,0.9,0.1,0.12714974041287816,5232.223971281201
100k-20seg-50H,PreQ-NegP,44,2026,PATE,0.9,0.1,0.13053809045557707,5483.059519901872
100k-20seg-50H,PreQ-NegP,44,2027,PATE,0.9,0.1,0.12171471591591904,5406.475027091801
100k-20seg-50H,PreQ-NegP,44,2025,PATE,0.9,0.3,0.05269790711823566,6741.814439184964
100k-20seg-50H,PreQ-NegP,44,2026,PATE,0.9,0.3,0.052713900691021574,6788.047607056797
100k-20seg-50H,PreQ-NegP,44,2027,PATE,0.9,0.3,0.04894437451540734,6849.732913076878
100k-20seg-50H,PreQ-NegP,44,2025,PATE,1.0,0.01,0.6040019598523924,1792.5576022826135
100k-20seg-50H,PreQ-NegP,44,2026,PATE,1.0,0.01,0.640956152927679,1811.352931894362
100k-20seg-50H,PreQ-NegP,44,2027,PATE,1.0,0.01,0.5981240429577384,1879.131237976253
100k-20seg-50H,PreQ-NegP,44,2025,PATE,1.0,0.05,0.24990009714171835,2444.5987110957503
100k-20seg-50H,PreQ-NegP,44,2026,PATE,1.0,0.05,0.26166600389231115,2463.1250970996916
100k-20seg-50H,PreQ-NegP,44,2027,PATE,1.0,0.05,0.2433709658791943,2438.245854806155
100k-20seg-50H,PreQ-NegP,44,2025,PATE,1.0,0.1,0.1478132619350885,3200.5862123332918
100k-20seg-50H,PreQ-NegP,44,2026,PATE,1.0,0.1,0.15246341541838684,3157.3199089616537
100k-20seg-50H,PreQ-NegP,44,2027,PATE,1.0,0.1,0.1382387057311108,3209.2994046397507
100k-20seg-50H,PreQ-NegP,44,2025,PATE,1.0,0.3,0.05894478258654086,5393.710834905505
100k-20seg-50H,PreQ-NegP,44,2026,PATE,1.0,0.3,0.06072140715354929,6066.616249270737
100k-20seg-50H,PreQ-NegP,44,2027,PATE,1.0,0.3,0.05500832366998047,5985.007146839052
100k-200seg-50H,PreQ-NegP,45,2025,PATE,0.1,0.01,0.23465802000636654,133124.68396825716
100k-200seg-50H,PreQ-NegP,45,2026,PATE,0.1,0.01,0.23033086037030964,130903.55432592332
100k-200seg-50H,PreQ-NegP,45,2027,PATE,0.1,0.01,0.23123974738377365,132436.81092280895
100k-200seg-50H,PreQ-NegP,45,2025,PATE,0.1,0.05,0.17937111719810758,133585.7733581215
100k-200seg-50H,PreQ-NegP,45,2026,PATE,0.1,0.05,0.1783842478581878,133245.28702301905
100k-200seg-50H,PreQ-NegP,45,2027,PATE,0.1,0.05,0.18103054407540167,132523.85743614286
100k-200seg-50H,PreQ-NegP,45,2025,PATE,0.1,0.1,0.15865899361865746,137139.25736909732
100k-200seg-50H,PreQ-NegP,45,2026,PATE,0.1,0.1,0.15797652919982413,133818.58390988782
100k-200seg-50H,PreQ-NegP,45,2027,PATE,0.1,0.1,0.16021811060983782,133558.07038163766
100k-200seg-50H,PreQ-NegP,45,2025,PATE,0.1,0.3,0.12787270237699644,138557.6943499036
100k-200seg-50H,PreQ-NegP,45,2026,PATE,0.1,0.3,0.1271541716120983,139024.66803602874
100k-200seg-50H,PreQ-NegP,45,2027,PATE,0.1,0.3,0.12690735324067398,135741.88977712765
100k-200seg-50H,PreQ-NegP,45,2025,PATE,0.2,0.01,0.3329385985646638,128968.20521168411
100k-200seg-50H,PreQ-NegP,45,2026,PATE,0.2,0.01,0.3302232977045999,128225.87712993845
100k-200seg-50H,PreQ-NegP,45,2027,PATE,0.2,0.01,0.33263750263016756,126052.35407268628
100k-200seg-50H,PreQ-NegP,45,2025,PATE,0.2,0.05,0.23931121562347382,129405.17283603549
100k-200seg-50H,PreQ-NegP,45,2026,PATE,0.2,0.05,0.2351314834900059,128779.58238683641
100k-200seg-50H,PreQ-NegP,45,2027,PATE,0.2,0.05,0.2461681499524602,125981.97548091412
100k-200seg-50H,PreQ-NegP,45,2025,PATE,0.2,0.1,0.199091623486187,131106.9745621644
100k-200seg-50H,PreQ-NegP,45,2026,PATE,0.2,0.1,0.19610718029992824,131225.35893926397
100k-200seg-50H,PreQ-NegP,45,2027,PATE,0.2,0.1,0.20446573201944407,128510.72436198592
100k-200seg-50H,PreQ-NegP,45,2025,PATE,0.2,0.3,0.14518797950157084,136676.71011015773
100k-200seg-50H,PreQ-NegP,45,2026,PATE,0.2,0.3,0.14474528050279775,135907.44270710275
100k-200seg-50H,PreQ-NegP,45,2027,PATE,0.2,0.3,0.14536321050042642,131928.7903411314
100k-200seg-50H,PreQ-NegP,45,2025,PATE,0.3,0.01,0.41528586291972874,123132.48540414497
100k-200seg-50H,PreQ-NegP,45,2026,PATE,0.3,0.01,0.4224846437033043,122599.08511303365
100k-200seg-50H,PreQ-NegP,45,2027,PATE,0.3,0.01,0.4255088955584491,120761.46197598428
100k-200seg-50H,PreQ-NegP,45,2025,PATE,0.3,0.05,0.30405593877847803,125704.821114894
100k-200seg-50H,PreQ-NegP,45,2026,PATE,0.3,0.05,0.3068875996718722,124240.94950128347
100k-200seg-50H,PreQ-NegP,45,2027,PATE,0.3,0.05,0.312497865278711,122467.78507204726
100k-200seg-50H,PreQ-NegP,45,2025,PATE,0.3,0.1,0.24628024491972708,126388.62792775035
100k-200seg-50H,PreQ-NegP,45,2026,PATE,0.3,0.1,0.24437339003696829,126452.19410723075
100k-200seg-50H,PreQ-NegP,45,2027,PATE,0.3,0.1,0.2508225013273825,124924.39220380038
100k-200seg-50H,PreQ-NegP,45,2025,PATE,0.3,0.3,0.16870360276084792,133816.84814905748
100k-200seg-50H,PreQ-NegP,45,2026,PATE,0.3,0.3,0.16735858717570826,133683.10481775552
100k-200seg-50H,PreQ-NegP,45,2027,PATE,0.3,0.3,0.16913582585159206,130667.87702403963
100k-200seg-50H,PreQ-NegP,45,2025,PATE,0.4,0.01,0.5116203883536375,115324.02427727357
100k-200seg-50H,PreQ-NegP,45,2026,PATE,0.4,0.01,0.5026724460830282,115850.67377798259
100k-200seg-50H,PreQ-NegP,45,2027,PATE,0.4,0.01,0.5120496531767574,115662.74429811165
100k-200seg-50H,PreQ-NegP,45,2025,PATE,0.4,0.05,0.3806174894048515,116328.14943930134
100k-200seg-50H,PreQ-NegP,45,2026,PATE,0.4,0.05,0.37399789033764896,117101.48686822504
100k-200seg-50H,PreQ-NegP,45,2027,PATE,0.4,0.05,0.38119147932826825,115984.04619609937
100k-200seg-50H,PreQ-NegP,45,2025,PATE,0.4,0.1,0.30453898068636936,121011.29783177748
100k-200seg-50H,PreQ-NegP,45,2026,PATE,0.4,0.1,0.2992281847077493,118886.58593781292
100k-200seg-50H,PreQ-NegP,45,2027,PATE,0.4,0.1,0.3030749907151802,119489.01747213677
100k-200seg-50H,PreQ-NegP,45,2025,PATE,0.4,0.3,0.19465070536846885,130765.93762030825
100k-200seg-50H,PreQ-NegP,45,2026,PATE,0.4,0.3,0.19257938039061928,130741.18553567678
100k-200seg-50H,PreQ-NegP,45,2027,PATE,0.4,0.3,0.19263033677340574,129698.48803896457
100k-200seg-50H,PreQ-NegP,45,2025,PATE,0.5,0.01,0.5964889564317597,104958.45179911703
100k-200seg-50H,PreQ-NegP,45,2026,PATE,0.5,0.01,0.5910693643466072,105175.92016980052
100k-200seg-50H,PreQ-NegP,45,2027,PATE,0.5,0.01,0.5965591977285053,106742.16366605833
100k-200seg-50H,PreQ-NegP,45,2025,PATE,0.5,0.05,0.4504005690044133,110814.88386169076
100k-200seg-50H,PreQ-NegP,45,2026,PATE,0.5,0.05,0.44413830364156215,111249.49052371085
100k-200seg-50H,PreQ-NegP,45,2027,PATE,0.5,0.05,0.44681408951780255,130357.54894278944
100k-200seg-50H,PreQ-NegP,45,2025,PATE,0.5,0.1,0.35989023792223007,139647.24035095423
100k-200seg-50H,PreQ-NegP,45,2026,PATE,0.5,0.1,0.353042869735612,136507.13705504313
100k-200seg-50H,PreQ-NegP,45,2027,PATE,0.5,0.1,0.354397537160468,138626.78064918146
100k-200seg-50H,PreQ-NegP,45,2025,PATE,0.5,0.3,0.22247391279082862,156530.0321080722
100k-200seg-50H,PreQ-NegP,45,2026,PATE,0.5,0.3,0.2195903699349966,155039.5869393833
100k-200seg-50H,PreQ-NegP,45,2027,PATE,0.5,0.3,0.21855085934275703,151423.65656327456
100k-200seg-50H,PreQ-NegP,45,2025,PATE,0.6,0.01,0.6723075239986043,117180.24643184617
100k-200seg-50H,PreQ-NegP,45,2026,PATE,0.6,0.01,0.6614559357481773,116319.2933392711
100k-200seg-50H,PreQ-NegP,45,2027,PATE,0.6,0.01,0.665244006647949,117812.26935330778
100k-200seg-50H,PreQ-NegP,45,2025,PATE,0.6,0.05,0.5174583529139549,123012.15551700443
100k-200seg-50H,PreQ-NegP,45,2026,PATE,0.6,0.05,0.5098330687232463,121360.43650377542
100k-200seg-50H,PreQ-NegP,45,2027,PATE,0.6,0.05,0.5122704663395327,124577.21390016377
100k-200seg-50H,PreQ-NegP,45,2025,PATE,0.6,0.1,0.41571694865382086,129331.13285293803
100k-200seg-50H,PreQ-NegP,45,2026,PATE,0.6,0.1,0.4038064165911979,127463.75750470906
100k-200seg-50H,PreQ-NegP,45,2027,PATE,0.6,0.1,0.4068074304788284,128062.79524508864
100k-200seg-50H,PreQ-NegP,45,2025,PATE,0.6,0.3,0.2518559433481399,138350.44167889282
100k-200seg-50H,PreQ-NegP,45,2026,PATE,0.6,0.3,0.24868169659594402,134892.56850490347
100k-200seg-50H,PreQ-NegP,45,2027,PATE,0.6,0.3,0.24716674225710894,136570.6864418462
100k-200seg-50H,PreQ-NegP,45,2025,PATE,0.7,0.01,0.7433284935735347,100742.85131925717
100k-200seg-50H,PreQ-NegP,45,2026,PATE,0.7,0.01,0.7474847295495668,99224.61797203869
100k-200seg-50H,PreQ-NegP,45,2027,PATE,0.7,0.01,0.7441739134372505,102703.36954155937
100k-200seg-50H,PreQ-NegP,45,2025,PATE,0.7,0.05,0.5882032082039826,105922.41529887542
100k-200seg-50H,PreQ-NegP,45,2026,PATE,0.7,0.05,0.5787799270812302,103940.44335465878
100k-200seg-50H,PreQ-NegP,45,2027,PATE,0.7,0.05,0.578955070106366,105246.08091916889
100k-200seg-50H,PreQ-NegP,45,2025,PATE,0.7,0.1,0.4750083195802347,110749.13634220138
100k-200seg-50H,PreQ-NegP,45,2026,PATE,0.7,0.1,0.4585552754461274,109654.75691482425
100k-200seg-50H,PreQ-NegP,45,2027,PATE,0.7,0.1,0.4654345074720869,109861.89723899588
100k-200seg-50H,PreQ-NegP,45,2025,PATE,0.7,0.3,0.2825243086295003,127416.70220624655
100k-200seg-50H,PreQ-NegP,45,2026,PATE,0.7,0.3,0.28129236656928414,128029.41403910518
100k-200seg-50H,PreQ-NegP,45,2027,PATE,0.7,0.3,0.2780430534879801,126378.31261893734
100k-200seg-50H,PreQ-NegP,45,2025,PATE,0.8,0.01,0.8187610268322558,95326.83497713879
100k-200seg-50H,PreQ-NegP,45,2026,PATE,0.8,0.01,0.8156356702513228,94293.26775530353
100k-200seg-50H,PreQ-NegP,45,2027,PATE,0.8,0.01,0.8120259639588763,95621.1857800372
100k-200seg-50H,PreQ-NegP,45,2025,PATE,0.8,0.05,0.6555277410556832,98822.42944417521
100k-200seg-50H,PreQ-NegP,45,2026,PATE,0.8,0.05,0.6454161913385734,97748.01363004372
100k-200seg-50H,PreQ-NegP,45,2027,PATE,0.8,0.05,0.6414260179954869,94415.3297431767
100k-200seg-50H,PreQ-NegP,45,2025,PATE,0.8,0.1,0.5283678140759293,101425.84913596511
100k-200seg-50H,PreQ-NegP,45,2026,PATE,0.8,0.1,0.5218793813444058,99193.00577137619
100k-200seg-50H,PreQ-NegP,45,2027,PATE,0.8,0.1,0.5135687919224061,102804.16788393632
100k-200seg-50H,PreQ-NegP,45,2025,PATE,0.8,0.3,0.32058284105841733,121926.52601702139
100k-200seg-50H,PreQ-NegP,45,2026,PATE,0.8,0.3,0.3144957001976307,119575.06382325664
100k-200seg-50H,PreQ-NegP,45,2027,PATE,0.8,0.3,0.3105473206580892,119408.12101121992
100k-200seg-50H,PreQ-NegP,45,2025,PATE,0.9,0.01,0.8828185471013037,86584.43219121546
100k-200seg-50H,PreQ-NegP,45,2026,PATE,0.9,0.01,0.8811938456786321,88110.69796420634
100k-200seg-50H,PreQ-NegP,45,2027,PATE,0.9,0.01,0.8835107985412118,87852.58120903745
100k-200seg-50H,PreQ-NegP,45,2025,PATE,0.9,0.05,0.7148557239694001,93824.34325478971
100k-200seg-50H,PreQ-NegP,45,2026,PATE,0.9,0.05,0.7033359409642903,95773.07438571006
100k-200seg-50H,PreQ-NegP,45,2027,PATE,0.9,0.05,0.7084430299933618,96458.96359300241
100k-200seg-50H,PreQ-NegP,45,2025,PATE,0.9,0.1,0.5838789016211985,99727.44681686163
100k-200seg-50H,PreQ-NegP,45,2026,PATE,0.9,0.1,0.5706872341666984,99490.99912820384
100k-200seg-50H,PreQ-NegP,45,2027,PATE,0.9,0.1,0.5756905152125513,99451.38058485463
100k-200seg-50H,PreQ-NegP,45,2025,PATE,0.9,0.3,0.35493318316030875,115143.81391974166
100k-200seg-50H,PreQ-NegP,45,2026,PATE,0.9,0.3,0.34843514449744334,116523.6055450514
100k-200seg-50H,PreQ-NegP,45,2027,PATE,0.9,0.3,0.3465615311787593,119591.2772831507
100k-200seg-50H,PreQ-NegP,45,2025,PATE,1.0,0.01,0.9361730176990373,87594.0156057477
100k-200seg-50H,PreQ-NegP,45,2026,PATE,1.0,0.01,0.9381790022680434,87617.79378913343
100k-200seg-50H,PreQ-NegP,45,2027,PATE,1.0,0.01,0.9348541284723888,87318.57260596007
100k-200seg-50H,PreQ-NegP,45,2025,PATE,1.0,0.05,0.7713921683420462,89901.35959489271
100k-200seg-50H,PreQ-NegP,45,2026,PATE,1.0,0.05,0.7566027364162797,89499.96361276135
100k-200seg-50H,PreQ-NegP,45,2027,PATE,1.0,0.05,0.7650291536806064,91236.3735102117
100k-200seg-50H,PreQ-NegP,45,2025,PATE,1.0,0.1,0.6343837458888556,96392.8592177108
100k-200seg-50H,PreQ-NegP,45,2026,PATE,1.0,0.1,0.6200121049376355,96670.41049711406
100k-200seg-50H,PreQ-NegP,45,2027,PATE,1.0,0.1,0.6286127156870644,97703.85715411976
100k-200seg-50H,PreQ-NegP,45,2025,PATE,1.0,0.3,0.3808250781732406,113123.4083888121
100k-200seg-50H,PreQ-NegP,45,2026,PATE,1.0,0.3,0.3772150432254502,115427.6457959786
100k-200seg-50H,PreQ-NegP,45,2027,PATE,1.0,0.3,0.38008479450284416,115572.24749773741
100k-50seg-20L,PreQ-NegP,46,2025,PATE,0.1,0.01,0.04735048992488565,18933.823889121413
100k-50seg-20L,PreQ-NegP,46,2026,PATE,0.1,0.01,0.046836154959216794,18090.655411127955
100k-50seg-20L,PreQ-NegP,46,2027,PATE,0.1,0.01,0.04843206794986192,19188.867230899632
100k-50seg-20L,PreQ-NegP,46,2025,PATE,0.1,0.05,0.03299854302261794,18741.343309171498
100k-50seg-20L,PreQ-NegP,46,2026,PATE,0.1,0.05,0.03385853374268375,18635.54852316156
100k-50seg-20L,PreQ-NegP,46,2027,PATE,0.1,0.05,0.03354082923169412,19987.895956728607
100k-50seg-20L,PreQ-NegP,46,2025,PATE,0.1,0.1,0.028621069470173247,19849.927491042763
100k-50seg-20L,PreQ-NegP,46,2026,PATE,0.1,0.1,0.029969557247695643,21594.776911195368
100k-50seg-20L,PreQ-NegP,46,2027,PATE,0.1,0.1,0.02987936263445285,20394.84832622111
100k-50seg-20L,PreQ-NegP,46,2025,PATE,0.1,0.3,0.023417541050442525,21569.821842946112
100k-50seg-20L,PreQ-NegP,46,2026,PATE,0.1,0.3,0.024260907971625938,21367.749399971217
100k-50seg-20L,PreQ-NegP,46,2027,PATE,0.1,0.3,0.024217737282435377,20850.87342513725
100k-50seg-20L,PreQ-NegP,46,2025,PATE,0.2,0.01,0.08447117358328439,16996.12065264955
100k-50seg-20L,PreQ-NegP,46,2026,PATE,0.2,0.01,0.08374608134919989,17691.27101218328
100k-50seg-20L,PreQ-NegP,46,2027,PATE,0.2,0.01,0.0855441280908762,17688.725208397955
100k-50seg-20L,PreQ-NegP,46,2025,PATE,0.2,0.05,0.04757217000480885,18208.614903967828
100k-50seg-20L,PreQ-NegP,46,2026,PATE,0.2,0.05,0.04585608841418248,18414.289155974984
100k-50seg-20L,PreQ-NegP,46,2027,PATE,0.2,0.05,0.0445120496137985,17752.54593230784
100k-50seg-20L,PreQ-NegP,46,2025,PATE,0.2,0.1,0.040216344939585605,20245.796487201005
100k-50seg-20L,PreQ-NegP,46,2026,PATE,0.2,0.1,0.037493419773335465,18891.938402317464
100k-50seg-20L,PreQ-NegP,46,2027,PATE,0.2,0.1,0.036113534375742315,18078.567140735686
100k-50seg-20L,PreQ-NegP,46,2025,PATE,0.2,0.3,0.027133870738141455,19871.18505919352
100k-50seg-20L,PreQ-NegP,46,2026,PATE,0.2,0.3,0.028118945640002904,19850.074489135295
100k-50seg-20L,PreQ-NegP,46,2027,PATE,0.2,0.3,0.027115326047715126,20773.24339002371
100k-50seg-20L,PreQ-NegP,46,2025,PATE,0.3,0.01,0.13417808486637245,18071.901451796293
100k-50seg-20L,PreQ-NegP,46,2026,PATE,0.3,0.01,0.12875374469529863,17745.99283002317
100k-50seg-20L,PreQ-NegP,46,2027,PATE,0.3,0.01,0.12964833297547956,17119.613776914775
100k-50seg-20L,PreQ-NegP,46,2025,PATE,0.3,0.05,0.061824779415721065,15759.462483227253
100k-50seg-20L,PreQ-NegP,46,2026,PATE,0.3,0.05,0.06107572131417559,16131.710958201438
100k-50seg-20L,PreQ-NegP,46,2027,PATE,0.3,0.05,0.05870352425741142,15796.5951198712
100k-50seg-20L,PreQ-NegP,46,2025,PATE,0.3,0.1,0.04904563455631322,16050.908321980387
100k-50seg-20L,PreQ-NegP,46,2026,PATE,0.3,0.1,0.046540263837375875,16811.42501765862
100k-50seg-20L,PreQ-NegP,46,2027,PATE,0.3,0.1,0.04408638229644527,16513.681954238564
100k-50seg-20L,PreQ-NegP,46,2025,PATE,0.3,0.3,0.037388784790150606,18790.460247080773
100k-50seg-20L,PreQ-NegP,46,2026,PATE,0.3,0.3,0.03195606998519817,17796.430504415184
100k-50seg-20L,PreQ-NegP,46,2027,PATE,0.3,0.3,0.03052864493296155,17236.286165192723
100k-50seg-20L,PreQ-NegP,46,2025,PATE,0.4,0.01,0.1885822664733093,13614.210125990212
100k-50seg-20L,PreQ-NegP,46,2026,PATE,0.4,0.01,0.18742831304060334,13543.236143887043
100k-50seg-20L,PreQ-NegP,46,2027,PATE,0.4,0.01,0.18895316150508576,13111.110107041895
100k-50seg-20L,PreQ-NegP,46,2025,PATE,0.4,0.05,0.07746913066797051,13557.842576876283
100k-50seg-20L,PreQ-NegP,46,2026,PATE,0.4,0.05,0.07783281322296527,14163.036480080336
100k-50seg-20L,PreQ-NegP,46,2027,PATE,0.4,0.05,0.07465594221065683,14007.252590730786
100k-50seg-20L,PreQ-NegP,46,2025,PATE,0.4,0.1,0.054464367452962556,14205.514810048044
100k-50seg-20L,PreQ-NegP,46,2026,PATE,0.4,0.1,0.054914594058817365,14828.134193085134
100k-50seg-20L,PreQ-NegP,46,2027,PATE,0.4,0.1,0.05293021067326362,14436.010360252112
100k-50seg-20L,PreQ-NegP,46,2025,PATE,0.4,0.3,0.03414551204342203,16409.600481856614
100k-50seg-20L,PreQ-NegP,46,2026,PATE,0.4,0.3,0.03444154751338914,16818.13052110374
100k-50seg-20L,PreQ-NegP,46,2027,PATE,0.4,0.3,0.03381410326697751,16211.255792994052
100k-50seg-20L,PreQ-NegP,46,2025,PATE,0.5,0.01,0.247714121272834,12509.14085097611
100k-50seg-20L,PreQ-NegP,46,2026,PATE,0.5,0.01,0.24812316450527708,12178.932677023113
100k-50seg-20L,PreQ-NegP,46,2027,PATE,0.5,0.01,0.24407903814470178,13087.13926980272
100k-50seg-20L,PreQ-NegP,46,2025,PATE,0.5,0.05,0.09996673231222172,12430.34144397825
100k-50seg-20L,PreQ-NegP,46,2026,PATE,0.5,0.05,0.10000794163860757,12687.974935397506
100k-50seg-20L,PreQ-NegP,46,2027,PATE,0.5,0.05,0.0947276849671417,12766.429322306067
100k-50seg-20L,PreQ-NegP,46,2025,PATE,0.5,0.1,0.06659903479100676,13305.531727150083
100k-50seg-20L,PreQ-NegP,46,2026,PATE,0.5,0.1,0.06661551792975878,13749.152787029743
100k-50seg-20L,PreQ-NegP,46,2027,PATE,0.5,0.1,0.06314356596715281,13480.624102056026
100k-50seg-20L,PreQ-NegP,46,2025,PATE,0.5,0.3,0.03916718174376936,15350.666888058186
100k-50seg-20L,PreQ-NegP,46,2026,PATE,0.5,0.3,0.03954889765692339,15754.72865672782
100k-50seg-20L,PreQ-NegP,46,2027,PATE,0.5,0.3,0.03705753779667831,15724.7921586968
100k-50seg-20L,PreQ-NegP,46,2025,PATE,0.6,0.01,0.32773042930404356,11102.25695092231
100k-50seg-20L,PreQ-NegP,46,2026,PATE,0.6,0.01,0.3118956502456013,11998.52387001738
100k-50seg-20L,PreQ-NegP,46,2027,PATE,0.6,0.01,0.31131765507849585,11706.190397962928
100k-50seg-20L,PreQ-NegP,46,2025,PATE,0.6,0.05,0.1228774766909071,11397.9074168019
100k-50seg-20L,PreQ-NegP,46,2026,PATE,0.6,0.05,0.12410413828293126,12317.93714594096
100k-50seg-20L,PreQ-NegP,46,2027,PATE,0.6,0.05,0.11738631423610252,11970.670720096678
100k-50seg-20L,PreQ-NegP,46,2025,PATE,0.6,0.1,0.0785485585769017,11896.332401316613
100k-50seg-20L,PreQ-NegP,46,2026,PATE,0.6,0.1,0.07957692112985225,12140.297558158636
100k-50seg-20L,PreQ-NegP,46,2027,PATE,0.6,0.1,0.07685077834873877,12159.434800967574
100k-50seg-20L,PreQ-NegP,46,2025,PATE,0.6,0.3,0.043354109531647644,15030.029616784304
100k-50seg-20L,PreQ-NegP,46,2026,PATE,0.6,0.3,0.04376555606858138,14892.648166045547
100k-50seg-20L,PreQ-NegP,46,2027,PATE,0.6,0.3,0.043013718695974146,15093.722953926772
100k-50seg-20L,PreQ-NegP,46,2025,PATE,0.7,0.01,0.39243777263006097,10411.46066179499
100k-50seg-20L,PreQ-NegP,46,2026,PATE,0.7,0.01,0.3702668205159114,10665.241703856736
100k-50seg-20L,PreQ-NegP,46,2027,PATE,0.7,0.01,0.37794391476616834,10421.174821909517
100k-50seg-20L,PreQ-NegP,46,2025,PATE,0.7,0.05,0.1497900483478484,10513.52080097422
100k-50seg-20L,PreQ-NegP,46,2026,PATE,0.7,0.05,0.13958839816506324,10767.59557519108
100k-50seg-20L,PreQ-NegP,46,2027,PATE,0.7,0.05,0.13883060330567928,10670.510563068092
100k-50seg-20L,PreQ-NegP,46,2025,PATE,0.7,0.1,0.09264139935421029,11352.109655737877
100k-50seg-20L,PreQ-NegP,46,2026,PATE,0.7,0.1,0.08940374811232887,11142.70648919046
100k-50seg-20L,PreQ-NegP,46,2027,PATE,0.7,0.1,0.08771180881801141,11747.141704894602
100k-50seg-20L,PreQ-NegP,46,2025,PATE,0.7,0.3,0.04732775558752335,14417.1273233369
100k-50seg-20L,PreQ-NegP,46,2026,PATE,0.7,0.3,0.04665584769085421,14560.676820576191
100k-50seg-20L,PreQ-NegP,46,2027,PATE,0.7,0.3,0.04525509964287164,14535.36586696282
100k-50seg-20L,PreQ-NegP,46,2025,PATE,0.8,0.01,0.44032722463220647,9248.956415336579
100k-50seg-20L,PreQ-NegP,46,2026,PATE,0.8,0.01,0.43515953036191196,9023.37087597698
100k-50seg-20L,PreQ-NegP,46,2027,PATE,0.8,0.01,0.44498953119765783,9253.478636965156
100k-50seg-20L,PreQ-NegP,46,2025,PATE,0.8,0.05,0.17467461770276818,10153.990596998483
100k-50seg-20L,PreQ-NegP,46,2026,PATE,0.8,0.05,0.166247677304665,9899.646095000207
100k-50seg-20L,PreQ-NegP,46,2027,PATE,0.8,0.05,0.1657955849519401,9756.173342932016
100k-50seg-20L,PreQ-NegP,46,2025,PATE,0.8,0.1,0.10948447964476399,10396.053617820144
100k-50seg-20L,PreQ-NegP,46,2026,PATE,0.8,0.1,0.10404773149738811,10929.672132711858
100k-50seg-20L,PreQ-NegP,46,2027,PATE,0.8,0.1,0.10236327261374385,10753.821547143161
100k-50seg-20L,PreQ-NegP,46,2025,PATE,0.8,0.3,0.05285560633274425,13498.905945103616
100k-50seg-20L,PreQ-NegP,46,2026,PATE,0.8,0.3,0.051356201488759176,13560.113238170743
100k-50seg-20L,PreQ-NegP,46,2027,PATE,0.8,0.3,0.05113496810099314,13794.825789984316
100k-50seg-20L,PreQ-NegP,46,2025,PATE,0.9,0.01,0.5006597837566908,8421.984647866338
100k-50seg-20L,PreQ-NegP,46,2026,PATE,0.9,0.01,0.5056501016415471,8564.98310668394
100k-50seg-20L,PreQ-NegP,46,2027,PATE,0.9,0.01,0.5175333866324769,8515.353579074144
100k-50seg-20L,PreQ-NegP,46,2025,PATE,0.9,0.05,0.19807413252510575,9285.873271990567
100k-50seg-20L,PreQ-NegP,46,2026,PATE,0.9,0.05,0.19977404648248492,9442.067404743284
100k-50seg-20L,PreQ-NegP,46,2027,PATE,0.9,0.05,0.19124865310982758,9347.066835965961
100k-50seg-20L,PreQ-NegP,46,2025,PATE,0.9,0.1,0.12341292773107654,9807.49718286097
100k-50seg-20L,PreQ-NegP,46,2026,PATE,0.9,0.1,0.12150037807765629,9833.94704805687
100k-50seg-20L,PreQ-NegP,46,2027,PATE,0.9,0.1,0.11549465612613283,10137.474115937948
100k-50seg-20L,PreQ-NegP,46,2025,PATE,0.9,0.3,0.058616423551884456,13016.277753748
100k-50seg-20L,PreQ-NegP,46,2026,PATE,0.9,0.3,0.05830275255148576,13059.639116749167
100k-50seg-20L,PreQ-NegP,46,2027,PATE,0.9,0.3,0.0545155580807085,13571.365138050169
100k-50seg-20L,PreQ-NegP,46,2025,PATE,1.0,0.01,0.5610172843235716,2070.930191781372
100k-50seg-20L,PreQ-NegP,46,2026,PATE,1.0,0.01,0.5571971664018953,2026.3346410356462
100k-50seg-20L,PreQ-NegP,46,2027,PATE,1.0,0.01,0.568934634303003,1945.8427359350026
100k-50seg-20L,PreQ-NegP,46,2025,PATE,1.0,0.05,0.22354512305715557,3406.6486810334027
100k-50seg-20L,PreQ-NegP,46,2026,PATE,1.0,0.05,0.21632376292138816,3588.182831183076
100k-50seg-20L,PreQ-NegP,46,2027,PATE,1.0,0.05,0.22828675957380962,3486.0597858205438
100k-50seg-20L,PreQ-NegP,46,2025,PATE,1.0,0.1,0.13614444264439846,5058.278864249587
100k-50seg-20L,PreQ-NegP,46,2026,PATE,1.0,0.1,0.13201402251809663,5143.299346789718
100k-50seg-20L,PreQ-NegP,46,2027,PATE,1.0,0.1,0.13415831249397883,5027.671627700329
100k-50seg-20L,PreQ-NegP,46,2025,PATE,1.0,0.3,0.06305648682526485,10688.887508120388
100k-50seg-20L,PreQ-NegP,46,2026,PATE,1.0,0.3,0.061528165132332495,11194.60198096931
100k-50seg-20L,PreQ-NegP,46,2027,PATE,1.0,0.3,0.06276063308107521,11484.714717138559
100k-500seg-20L,PreQ-NegP,47,2025,PATE,0.1,0.01,0.3064981756082067,214268.02617497742
100k-500seg-20L,PreQ-NegP,47,2026,PATE,0.1,0.01,0.3131132679151492,216407.68645796925
100k-500seg-20L,PreQ-NegP,47,2027,PATE,0.1,0.01,0.30990319967528573,216611.71734705567
100k-500seg-20L,PreQ-NegP,47,2025,PATE,0.1,0.05,0.2506615726462219,218111.14828288555
100k-500seg-20L,PreQ-NegP,47,2026,PATE,0.1,0.05,0.25160978759799907,219394.98689491302
100k-500seg-20L,PreQ-NegP,47,2027,PATE,0.1,0.05,0.2573994350464625,220041.2115030922
100k-500seg-20L,PreQ-NegP,47,2025,PATE,0.1,0.1,0.22664178857943085,222975.57086404413
100k-500seg-20L,PreQ-NegP,47,2026,PATE,0.1,0.1,0.2267975112569708,226002.40458734334
100k-500seg-20L,PreQ-NegP,47,2027,PATE,0.1,0.1,0.2342147008447087,271529.18131509796
100k-500seg-20L,PreQ-NegP,47,2025,PATE,0.1,0.3,0.18929900788661685,286886.08952984214
100k-500seg-20L,PreQ-NegP,47,2026,PATE,0.1,0.3,0.18958399558408412,288114.06685598195
100k-500seg-20L,PreQ-NegP,47,2027,PATE,0.1,0.3,0.2051657159266175,287623.34453407675
100k-500seg-20L,PreQ-NegP,47,2025,PATE,0.2,0.01,0.4080582472700308,257240.89201400056
100k-500seg-20L,PreQ-NegP,47,2026,PATE,0.2,0.01,0.4097106549179414,260768.23544688523
100k-500seg-20L,PreQ-NegP,47,2027,PATE,0.2,0.01,0.4069728652118463,262247.4797437899
100k-500seg-20L,PreQ-NegP,47,2025,PATE,0.2,0.05,0.3126648378531589,258989.86876383424
100k-500seg-20L,PreQ-NegP,47,2026,PATE,0.2,0.05,0.31266211028250823,258939.9722032249
100k-500seg-20L,PreQ-NegP,47,2027,PATE,0.2,0.05,0.31950454613869866,258270.48039110377
100k-500seg-20L,PreQ-NegP,47,2025,PATE,0.2,0.1,0.27072734144317023,271335.69838199764
100k-500seg-20L,PreQ-NegP,47,2026,PATE,0.2,0.1,0.271484412983091,265927.2293811664
100k-500seg-20L,PreQ-NegP,47,2027,PATE,0.2,0.1,0.2759436194396803,248534.74022634327
100k-500seg-20L,PreQ-NegP,47,2025,PATE,0.2,0.3,0.2137093526721297,241701.36267878115
100k-500seg-20L,PreQ-NegP,47,2026,PATE,0.2,0.3,0.2170709713823632,260352.70038805902
100k-500seg-20L,PreQ-NegP,47,2027,PATE,0.2,0.3,0.22388108799325473,260756.38840906322
100k-500seg-20L,PreQ-NegP,47,2025,PATE,0.3,0.01,0.4887903322230605,227542.17046219856
100k-500seg-20L,PreQ-NegP,47,2026,PATE,0.3,0.01,0.487345029286398,225615.4270810075
100k-500seg-20L,PreQ-NegP,47,2027,PATE,0.3,0.01,0.49644897740170174,227355.02651613206
100k-500seg-20L,PreQ-NegP,47,2025,PATE,0.3,0.05,0.37506094288972647,225160.0481220521
100k-500seg-20L,PreQ-NegP,47,2026,PATE,0.3,0.05,0.37329079897309647,225076.77253196016
