case_name,model_name,case_seed,score_seed,metric_name,q,val,latency
100k-20seg-50L,AccQ,42,2025,UAff-F1,0.1,-0.05887515349328525,914.9914761073887
100k-20seg-50L,AccQ,42,2026,UAff-F1,0.1,-0.008314737442430909,910.265598911792
100k-20seg-50L,AccQ,42,2027,UAff-F1,0.1,-0.02455354627432583,905.3034780081362
100k-20seg-50L,AccQ,42,2025,UAff-F1,0.2,-0.07704413579404622,909.1813589911908
100k-20seg-50L,AccQ,42,2026,UAff-F1,0.2,-0.00995236397554515,907.7574100811034
100k-20seg-50L,AccQ,42,2027,UAff-F1,0.2,-0.026598179720318436,902.3604411631823
100k-20seg-50L,AccQ,42,2025,UAff-F1,0.3,-0.061711349023980996,909.3002290464938
100k-20seg-50L,AccQ,42,2026,UAff-F1,0.3,-0.021160179742383694,902.4358720052987
100k-20seg-50L,AccQ,42,2027,UAff-F1,0.3,-0.014156395716829948,905.9147799853235
100k-20seg-50L,AccQ,42,2025,UAff-F1,0.4,-0.05303047819907641,907.4326360132545
100k-20seg-50L,AccQ,42,2026,UAff-F1,0.4,-0.018027016787147188,904.4501900207251
100k-20seg-50L,AccQ,42,2027,UAff-F1,0.4,-0.026905325166103083,902.4361611809582
100k-20seg-50L,AccQ,42,2025,UAff-F1,0.5,-0.04972269990444752,908.7315229699016
100k-20seg-50L,AccQ,42,2026,UAff-F1,0.5,0.017347066026003555,909.8805778194219
100k-20seg-50L,AccQ,42,2027,UAff-F1,0.5,0.0034431225443397715,907.4931689538062
100k-20seg-50L,AccQ,42,2025,UAff-F1,0.6,-0.021667760708277674,908.2634930964559
100k-20seg-50L,AccQ,42,2026,UAff-F1,0.6,0.01969596907939996,907.0513490587473
100k-20seg-50L,AccQ,42,2027,UAff-F1,0.6,0.025878137700058187,912.1446791104972
100k-20seg-50L,AccQ,42,2025,UAff-F1,0.7,0.001637739213945699,902.1507250145078
100k-20seg-50L,AccQ,42,2026,UAff-F1,0.7,0.07168078315143932,914.040694013238
100k-20seg-50L,AccQ,42,2027,UAff-F1,0.7,0.050391604430372036,909.6235730685294
100k-20seg-50L,AccQ,42,2025,UAff-F1,0.8,0.029963557738764687,907.4636439327151
100k-20seg-50L,AccQ,42,2026,UAff-F1,0.8,0.12426007137575003,912.418742896989
100k-20seg-50L,AccQ,42,2027,UAff-F1,0.8,0.10759872455155493,911.269661039114
100k-20seg-50L,AccQ,42,2025,UAff-F1,0.9,0.16527309568141862,911.1421308480203
100k-20seg-50L,AccQ,42,2026,UAff-F1,0.9,0.2195156725954432,906.1661730520427
100k-20seg-50L,AccQ,42,2027,UAff-F1,0.9,0.1946860872718794,913.951750844717
100k-20seg-50L,AccQ,42,2025,UAff-F1,1.0,0.3391167943748654,878.9640059694648
100k-20seg-50L,AccQ,42,2026,UAff-F1,1.0,0.3819919489082342,883.9488020166755
100k-20seg-50L,AccQ,42,2027,UAff-F1,1.0,0.3768699856923563,878.262093057856
100k-200seg-50L,AccQ,43,2025,UAff-F1,0.1,-0.2718109611899326,3388.095245929435
100k-200seg-50L,AccQ,43,2026,UAff-F1,0.1,-0.30170759215454995,3376.3823308981955
100k-200seg-50L,AccQ,43,2027,UAff-F1,0.1,-0.20401905989602215,3389.850517967716
100k-200seg-50L,AccQ,43,2025,UAff-F1,0.2,-0.22371017144456676,3387.2970738448203
100k-200seg-50L,AccQ,43,2026,UAff-F1,0.2,-0.27048587877208613,3391.470873961225
100k-200seg-50L,AccQ,43,2027,UAff-F1,0.2,-0.15415134781012152,3391.08153921552
100k-200seg-50L,AccQ,43,2025,UAff-F1,0.3,-0.19414706589588704,3386.2161689903587
100k-200seg-50L,AccQ,43,2026,UAff-F1,0.3,-0.2256387953181272,3397.3637390881777
100k-200seg-50L,AccQ,43,2027,UAff-F1,0.3,-0.1122135956297692,3395.5239539500326
100k-200seg-50L,AccQ,43,2025,UAff-F1,0.4,-0.13945534878500698,3389.78005386889
100k-200seg-50L,AccQ,43,2026,UAff-F1,0.4,-0.13269655960660134,3407.2641900274903
100k-200seg-50L,AccQ,43,2027,UAff-F1,0.4,-0.039847684498169306,3403.9272649679333
100k-200seg-50L,AccQ,43,2025,UAff-F1,0.5,-0.0699672498258296,3397.206488996744
100k-200seg-50L,AccQ,43,2026,UAff-F1,0.5,-0.016769098765981837,3410.0775299593806
100k-200seg-50L,AccQ,43,2027,UAff-F1,0.5,0.06273925097491506,3406.4094030763954
100k-200seg-50L,AccQ,43,2025,UAff-F1,0.6,0.06599035431215841,3397.940271999687
100k-200seg-50L,AccQ,43,2026,UAff-F1,0.6,0.12558737411932452,3405.7689369656146
100k-200seg-50L,AccQ,43,2027,UAff-F1,0.6,0.17718496059497946,3415.086393011734
100k-200seg-50L,AccQ,43,2025,UAff-F1,0.7,0.21977772440350232,3402.1816458553076
100k-200seg-50L,AccQ,43,2026,UAff-F1,0.7,0.2556273952358181,3402.9415189288557
100k-200seg-50L,AccQ,43,2027,UAff-F1,0.7,0.3059994533226804,3398.619548883289
100k-200seg-50L,AccQ,43,2025,UAff-F1,0.8,0.37842946344884465,3355.9352308511734
100k-200seg-50L,AccQ,43,2026,UAff-F1,0.8,0.4195171768505108,3350.473373895511
100k-200seg-50L,AccQ,43,2027,UAff-F1,0.8,0.4392068098213833,3373.1304658576846
100k-200seg-50L,AccQ,43,2025,UAff-F1,0.9,0.6143549538604887,3282.746952958405
100k-200seg-50L,AccQ,43,2026,UAff-F1,0.9,0.6221108410623666,3271.6906829737127
100k-200seg-50L,AccQ,43,2027,UAff-F1,0.9,0.6295276721674569,3306.11649597995
100k-200seg-50L,AccQ,43,2025,UAff-F1,1.0,0.9992660426710427,2660.251792985946
100k-200seg-50L,AccQ,43,2026,UAff-F1,1.0,0.9993002362140211,2673.5123719554394
100k-200seg-50L,AccQ,43,2027,UAff-F1,1.0,0.9992810800175672,2673.4514478594065
100k-20seg-50H,AccQ,44,2025,UAff-F1,0.1,-0.015626380588854,1006.9430521689355
100k-20seg-50H,AccQ,44,2026,UAff-F1,0.1,-0.058557331744826815,893.7378309201449
100k-20seg-50H,AccQ,44,2027,UAff-F1,0.1,-0.04143901265627302,895.7594879902899
100k-20seg-50H,AccQ,44,2025,UAff-F1,0.2,-0.009786673492266659,896.2724590674043
100k-20seg-50H,AccQ,44,2026,UAff-F1,0.2,-0.026250291462802524,897.4509541876614
100k-20seg-50H,AccQ,44,2027,UAff-F1,0.2,-0.03912314718424585,893.8570329919457
100k-20seg-50H,AccQ,44,2025,UAff-F1,0.3,-0.007691345897851541,897.3501741420478
100k-20seg-50H,AccQ,44,2026,UAff-F1,0.3,-0.03164518475272023,894.3791999481618
100k-20seg-50H,AccQ,44,2027,UAff-F1,0.3,-0.03614160451496969,892.89272390306
100k-20seg-50H,AccQ,44,2025,UAff-F1,0.4,-0.008125701843302224,893.4752219356596
100k-20seg-50H,AccQ,44,2026,UAff-F1,0.4,-0.030364018056151614,897.6346030831337
100k-20seg-50H,AccQ,44,2027,UAff-F1,0.4,-0.030292380542349243,889.6861008834094
100k-20seg-50H,AccQ,44,2025,UAff-F1,0.5,-0.006000926693073423,897.1575470641255
100k-20seg-50H,AccQ,44,2026,UAff-F1,0.5,-0.012086437291499944,892.8715109359473
100k-20seg-50H,AccQ,44,2027,UAff-F1,0.5,-0.0056499614683707235,895.0692932121456
100k-20seg-50H,AccQ,44,2025,UAff-F1,0.6,0.02119010342135854,888.7330221477896
100k-20seg-50H,AccQ,44,2026,UAff-F1,0.6,-0.011628093847970125,898.9982211496681
100k-20seg-50H,AccQ,44,2027,UAff-F1,0.6,0.002330671701123147,895.7159779965878
100k-20seg-50H,AccQ,44,2025,UAff-F1,0.7,0.03999865834297015,896.9244149047881
100k-20seg-50H,AccQ,44,2026,UAff-F1,0.7,0.03439886178828562,901.3642380014062
100k-20seg-50H,AccQ,44,2027,UAff-F1,0.7,0.027291148294823455,897.4548040423542
100k-20seg-50H,AccQ,44,2025,UAff-F1,0.8,0.10166042887555161,888.1793830078095
100k-20seg-50H,AccQ,44,2026,UAff-F1,0.8,0.07991041304029896,897.0399820245802
100k-20seg-50H,AccQ,44,2027,UAff-F1,0.8,0.08779397068701904,893.5105169657618
100k-20seg-50H,AccQ,44,2025,UAff-F1,0.9,0.2237360346617065,898.4360340982676
100k-20seg-50H,AccQ,44,2026,UAff-F1,0.9,0.1994370670200534,894.0876440610737
100k-20seg-50H,AccQ,44,2027,UAff-F1,0.9,0.20727583935461935,890.2953418437392
100k-20seg-50H,AccQ,44,2025,UAff-F1,1.0,0.4223717702625707,857.9816098790616
100k-20seg-50H,AccQ,44,2026,UAff-F1,1.0,0.3979684747218212,863.4454810526222
100k-20seg-50H,AccQ,44,2027,UAff-F1,1.0,0.3979799695690672,859.027236001566
100k-200seg-50H,AccQ,45,2025,UAff-F1,0.1,-0.2789967168956655,3418.6640940606594
100k-200seg-50H,AccQ,45,2026,UAff-F1,0.1,-0.22549107379519165,3396.060638129711
100k-200seg-50H,AccQ,45,2027,UAff-F1,0.1,-0.21888530114848237,3370.2962130773813
100k-200seg-50H,AccQ,45,2025,UAff-F1,0.2,-0.23197335716923756,3388.486264972016
100k-200seg-50H,AccQ,45,2026,UAff-F1,0.2,-0.17487355305007232,3376.4682898763567
100k-200seg-50H,AccQ,45,2027,UAff-F1,0.2,-0.17974151329039692,3390.859822044149
100k-200seg-50H,AccQ,45,2025,UAff-F1,0.3,-0.19029604038046122,3406.5126781351864
100k-200seg-50H,AccQ,45,2026,UAff-F1,0.3,-0.12544844722464396,3384.254463016987
100k-200seg-50H,AccQ,45,2027,UAff-F1,0.3,-0.12880834396147114,3402.2150631062686
100k-200seg-50H,AccQ,45,2025,UAff-F1,0.4,-0.09446944005904293,3393.9902470447123
100k-200seg-50H,AccQ,45,2026,UAff-F1,0.4,-0.06021300661265365,3392.3874550964683
100k-200seg-50H,AccQ,45,2027,UAff-F1,0.4,-0.07520670341939763,3405.830619856715
100k-200seg-50H,AccQ,45,2025,UAff-F1,0.5,-0.003064411903861441,3410.4292429983616
100k-200seg-50H,AccQ,45,2026,UAff-F1,0.5,0.03293368416463686,3388.379644136876
100k-200seg-50H,AccQ,45,2027,UAff-F1,0.5,0.019598842766105743,3392.039746977389
100k-200seg-50H,AccQ,45,2025,UAff-F1,0.6,0.12365781360210529,3422.146452125162
100k-200seg-50H,AccQ,45,2026,UAff-F1,0.6,0.1461961196728043,3404.7520260792226
100k-200seg-50H,AccQ,45,2027,UAff-F1,0.6,0.10544391866508097,3408.4502530749887
100k-200seg-50H,AccQ,45,2025,UAff-F1,0.7,0.23826439442700703,3401.7636741045862
100k-200seg-50H,AccQ,45,2026,UAff-F1,0.7,0.2600582527378446,3391.7762651108205
100k-200seg-50H,AccQ,45,2027,UAff-F1,0.7,0.20248803586873085,3399.50444502756
100k-200seg-50H,AccQ,45,2025,UAff-F1,0.8,0.3927794945198621,3368.068787967786
100k-200seg-50H,AccQ,45,2026,UAff-F1,0.8,0.404635219333019,3373.242818051949
100k-200seg-50H,AccQ,45,2027,UAff-F1,0.8,0.3712955585132994,3376.2144760694355
100k-200seg-50H,AccQ,45,2025,UAff-F1,0.9,0.5922246390347783,3296.5779018122703
100k-200seg-50H,AccQ,45,2026,UAff-F1,0.9,0.6259318231482383,3282.9705919139087
100k-200seg-50H,AccQ,45,2027,UAff-F1,0.9,0.6024975748574454,3320.3040391672403
100k-200seg-50H,AccQ,45,2025,UAff-F1,1.0,0.9962939895415929,2764.9824789259583
100k-200seg-50H,AccQ,45,2026,UAff-F1,1.0,0.9990936874540327,2776.7843920737505
100k-200seg-50H,AccQ,45,2027,UAff-F1,1.0,0.9990737454304972,2762.541132979095
100k-50seg-20L,AccQ,46,2025,UAff-F1,0.1,-0.02557436810284567,1360.2036989759654
100k-50seg-20L,AccQ,46,2026,UAff-F1,0.1,-0.040760901230703354,1355.3804738912731
100k-50seg-20L,AccQ,46,2027,UAff-F1,0.1,-0.08455810442390493,1358.0599930137396
100k-50seg-20L,AccQ,46,2025,UAff-F1,0.2,-0.016741974686967493,1359.3251260463148
100k-50seg-20L,AccQ,46,2026,UAff-F1,0.2,-0.035965710000254184,1356.451460858807
100k-50seg-20L,AccQ,46,2027,UAff-F1,0.2,-0.08395533173763094,1358.7829258758575
100k-50seg-20L,AccQ,46,2025,UAff-F1,0.3,0.0017810626688979341,1369.658285053447
100k-50seg-20L,AccQ,46,2026,UAff-F1,0.3,-0.0024864253412693223,1361.681006848812
100k-50seg-20L,AccQ,46,2027,UAff-F1,0.3,-0.06989218113505832,1359.8391539417207
100k-50seg-20L,AccQ,46,2025,UAff-F1,0.4,-0.011116894546507756,1353.9228830486536
100k-50seg-20L,AccQ,46,2026,UAff-F1,0.4,-0.006690426623497032,1364.0719819813967
100k-50seg-20L,AccQ,46,2027,UAff-F1,0.4,-0.06985090630746171,1355.4143782239407
100k-50seg-20L,AccQ,46,2025,UAff-F1,0.5,-0.000767551955598706,1365.6048190314323
100k-50seg-20L,AccQ,46,2026,UAff-F1,0.5,0.007833023463354419,1354.4900640845299
100k-50seg-20L,AccQ,46,2027,UAff-F1,0.5,-0.05700771540694923,1351.0814080946147
100k-50seg-20L,AccQ,46,2025,UAff-F1,0.6,0.02135414349026595,1362.8084191586822
100k-50seg-20L,AccQ,46,2026,UAff-F1,0.6,0.032466980945982354,1365.445198956877
100k-50seg-20L,AccQ,46,2027,UAff-F1,0.6,-0.04992528884087268,1363.4929119143635
100k-50seg-20L,AccQ,46,2025,UAff-F1,0.7,0.03198118801743727,1359.732599928975
100k-50seg-20L,AccQ,46,2026,UAff-F1,0.7,0.042047164835821445,1353.6570849828422
100k-50seg-20L,AccQ,46,2027,UAff-F1,0.7,-0.01004447001177148,1357.8677198383957
100k-50seg-20L,AccQ,46,2025,UAff-F1,0.8,0.08045749390978509,1364.8904520086944
100k-50seg-20L,AccQ,46,2026,UAff-F1,0.8,0.09448429826125088,1357.4683528859168
100k-50seg-20L,AccQ,46,2027,UAff-F1,0.8,0.02535678141590283,1356.7287728656083
100k-50seg-20L,AccQ,46,2025,UAff-F1,0.9,0.17806242750646,1356.232127174735
100k-50seg-20L,AccQ,46,2026,UAff-F1,0.9,0.20007872672599236,1349.705704022199
100k-50seg-20L,AccQ,46,2027,UAff-F1,0.9,0.14227528418159444,1353.0996697954834
100k-50seg-20L,AccQ,46,2025,UAff-F1,1.0,0.35510407225660356,1298.722998937592
100k-50seg-20L,AccQ,46,2026,UAff-F1,1.0,0.35180323697077737,1304.3194750789553
100k-50seg-20L,AccQ,46,2027,UAff-F1,1.0,0.35158808929911667,1294.4883978925645
100k-500seg-20L,AccQ,47,2025,UAff-F1,0.1,-0.2849542735860476,7544.82147609815
100k-500seg-20L,AccQ,47,2026,UAff-F1,0.1,-0.2695383535969558,7520.570075837895
100k-500seg-20L,AccQ,47,2027,UAff-F1,0.1,-0.22928681462046271,7535.210536094382
100k-500seg-20L,AccQ,47,2025,UAff-F1,0.2,-0.2449456887699521,7510.135072981939
100k-500seg-20L,AccQ,47,2026,UAff-F1,0.2,-0.23514546671151054,7530.954074114561
100k-500seg-20L,AccQ,47,2027,UAff-F1,0.2,-0.20989767950541682,7520.2071270905435
100k-500seg-20L,AccQ,47,2025,UAff-F1,0.3,-0.19177712891854104,7524.315929971635
100k-500seg-20L,AccQ,47,2026,UAff-F1,0.3,-0.18101269283160049,7507.48809799552
100k-500seg-20L,AccQ,47,2027,UAff-F1,0.3,-0.13351143090773696,7508.221671916544
100k-500seg-20L,AccQ,47,2025,UAff-F1,0.4,-0.12407489951195742,7528.217027895153
100k-500seg-20L,AccQ,47,2026,UAff-F1,0.4,-0.1325101031758344,7554.341686889529
100k-500seg-20L,AccQ,47,2027,UAff-F1,0.4,-0.08821174607763926,7509.371768916026
100k-500seg-20L,AccQ,47,2025,UAff-F1,0.5,-0.05826913020530286,7527.353504905477
100k-500seg-20L,AccQ,47,2026,UAff-F1,0.5,-0.02975157875663456,7540.056917117909
100k-500seg-20L,AccQ,47,2027,UAff-F1,0.5,-0.022310478770822408,7508.336273021996
100k-500seg-20L,AccQ,47,2025,UAff-F1,0.6,0.06202228236544268,7542.667089961469
100k-500seg-20L,AccQ,47,2026,UAff-F1,0.6,0.051701534313583465,7542.204197961837
100k-500seg-20L,AccQ,47,2027,UAff-F1,0.6,0.08010117779155392,7530.677571892738
100k-500seg-20L,AccQ,47,2025,UAff-F1,0.7,0.19730848481084273,7508.8283200748265
100k-500seg-20L,AccQ,47,2026,UAff-F1,0.7,0.1850055698680639,7506.913166027516
100k-500seg-20L,AccQ,47,2027,UAff-F1,0.7,0.21417573305281412,7549.250305164605
100k-500seg-20L,AccQ,47,2025,UAff-F1,0.8,0.3560154514541703,7480.967784998938
100k-500seg-20L,AccQ,47,2026,UAff-F1,0.8,0.36853056122669453,7466.80960804224
100k-500seg-20L,AccQ,47,2027,UAff-F1,0.8,0.36545705662542394,7484.307583188638
100k-500seg-20L,AccQ,47,2025,UAff-F1,0.9,0.5894149497230069,7316.131992032751
100k-500seg-20L,AccQ,47,2026,UAff-F1,0.9,0.5839184431448301,7273.586340947077
100k-500seg-20L,AccQ,47,2027,UAff-F1,0.9,0.5943047973259162,7283.170906826854
100k-500seg-20L,AccQ,47,2025,UAff-F1,1.0,0.9981293353063964,5826.453259913251
100k-500seg-20L,AccQ,47,2026,UAff-F1,1.0,0.9979819600767043,5825.407536001876
100k-500seg-20L,AccQ,47,2027,UAff-F1,1.0,0.9968691041607416,5838.061264948919
100k-50seg-20H,AccQ,48,2025,UAff-F1,0.1,-0.016449575550421494,1385.2172140032053
100k-50seg-20H,AccQ,48,2026,UAff-F1,0.1,0.014346206819737735,1376.979581080377
100k-50seg-20H,AccQ,48,2027,UAff-F1,0.1,0.015341077082101513,1370.5730978399515
100k-50seg-20H,AccQ,48,2025,UAff-F1,0.2,-0.011702266390428342,1375.2508871257305
100k-50seg-20H,AccQ,48,2026,UAff-F1,0.2,0.023796999270060886,1375.9039698634297
100k-50seg-20H,AccQ,48,2027,UAff-F1,0.2,0.011962260537846943,1374.4745070580393
100k-50seg-20H,AccQ,48,2025,UAff-F1,0.3,-0.022187759764925968,1382.5699710287154
100k-50seg-20H,AccQ,48,2026,UAff-F1,0.3,0.0335565458428752,1376.9909930415452
100k-50seg-20H,AccQ,48,2027,UAff-F1,0.3,0.013550204832715107,1370.2702589798719
100k-50seg-20H,AccQ,48,2025,UAff-F1,0.4,-0.01704861736078082,1374.5396139565855
100k-50seg-20H,AccQ,48,2026,UAff-F1,0.4,0.03259840734048167,1387.9966230597347
100k-50seg-20H,AccQ,48,2027,UAff-F1,0.4,0.01768086473369618,1377.1181700285524
100k-50seg-20H,AccQ,48,2025,UAff-F1,0.5,-0.03492951410780356,1380.8677450288087
100k-50seg-20H,AccQ,48,2026,UAff-F1,0.5,0.016498207828893656,1379.1275857947767
100k-50seg-20H,AccQ,48,2027,UAff-F1,0.5,0.024380730392393458,1377.6612810324878
100k-50seg-20H,AccQ,48,2025,UAff-F1,0.6,-0.039755117864027585,1376.2521869502962
100k-50seg-20H,AccQ,48,2026,UAff-F1,0.6,0.029242769308817525,1385.1063738111407
100k-50seg-20H,AccQ,48,2027,UAff-F1,0.6,0.012741628907229964,1373.1974437832832
100k-50seg-20H,AccQ,48,2025,UAff-F1,0.7,-0.0056797748354828585,1374.822071986273
100k-50seg-20H,AccQ,48,2026,UAff-F1,0.7,0.04644403051839247,1381.784241879359
100k-50seg-20H,AccQ,48,2027,UAff-F1,0.7,0.03392773928022548,1377.7668019756675
100k-50seg-20H,AccQ,48,2025,UAff-F1,0.8,0.05510261962770533,1379.3347519822419
100k-50seg-20H,AccQ,48,2026,UAff-F1,0.8,0.09293715931503489,1379.8649040982127
100k-50seg-20H,AccQ,48,2027,UAff-F1,0.8,0.09364384102057854,1371.9146139919758
100k-50seg-20H,AccQ,48,2025,UAff-F1,0.9,0.16055424147461805,1369.0874469466507
100k-50seg-20H,AccQ,48,2026,UAff-F1,0.9,0.17366401406086704,1369.408278958872
100k-50seg-20H,AccQ,48,2027,UAff-F1,0.9,0.16467019023188462,1376.6119659412652
100k-50seg-20H,AccQ,48,2025,UAff-F1,1.0,0.34380067574758755,1304.5770609751344
100k-50seg-20H,AccQ,48,2026,UAff-F1,1.0,0.3645302761445861,1303.3157628960907
100k-50seg-20H,AccQ,48,2027,UAff-F1,1.0,0.3597243001454626,1296.4983170386404
100k-500seg-20H,AccQ,49,2025,UAff-F1,0.1,-0.23050794788100187,7596.453591948375
100k-500seg-20H,AccQ,49,2026,UAff-F1,0.1,-0.31806183270120636,7520.947559038177
100k-500seg-20H,AccQ,49,2027,UAff-F1,0.1,-0.22304186837967813,7525.723423110321
100k-500seg-20H,AccQ,49,2025,UAff-F1,0.2,-0.19709371125669994,7591.935254167765
100k-500seg-20H,AccQ,49,2026,UAff-F1,0.2,-0.2795651424645339,7565.128580899909
100k-500seg-20H,AccQ,49,2027,UAff-F1,0.2,-0.18729515884143466,7532.890008063987
100k-500seg-20H,AccQ,49,2025,UAff-F1,0.3,-0.1340220712972262,7587.092117872089
100k-500seg-20H,AccQ,49,2026,UAff-F1,0.3,-0.22743697712275146,7589.842084096745
100k-500seg-20H,AccQ,49,2027,UAff-F1,0.3,-0.12094859303417244,7544.679880840704
100k-500seg-20H,AccQ,49,2025,UAff-F1,0.4,-0.05936650009040959,7567.313463892788
100k-500seg-20H,AccQ,49,2026,UAff-F1,0.4,-0.17938649944199048,7584.3679460231215
100k-500seg-20H,AccQ,49,2027,UAff-F1,0.4,-0.05882553713183195,7571.2148998863995
100k-500seg-20H,AccQ,49,2025,UAff-F1,0.5,0.03031921529075114,7638.320974074304
100k-500seg-20H,AccQ,49,2026,UAff-F1,0.5,-0.07040426546907241,7571.98714883998
100k-500seg-20H,AccQ,49,2027,UAff-F1,0.5,0.030919823573011186,7597.1918809227645
100k-500seg-20H,AccQ,49,2025,UAff-F1,0.6,0.12331198278007949,7590.721386950463
100k-500seg-20H,AccQ,49,2026,UAff-F1,0.6,0.06065349455078167,7615.882131038234
100k-500seg-20H,AccQ,49,2027,UAff-F1,0.6,0.1323486252058804,7587.500223889947
100k-500seg-20H,AccQ,49,2025,UAff-F1,0.7,0.2690818287006057,7562.536673154682
100k-500seg-20H,AccQ,49,2026,UAff-F1,0.7,0.21091951735794287,7573.6173070035875
100k-500seg-20H,AccQ,49,2027,UAff-F1,0.7,0.2439346507674829,7608.424969948828
100k-500seg-20H,AccQ,49,2025,UAff-F1,0.8,0.42565810823993644,7503.892533946782
100k-500seg-20H,AccQ,49,2026,UAff-F1,0.8,0.35621640696694656,7479.233457939699
100k-500seg-20H,AccQ,49,2027,UAff-F1,0.8,0.40908278603069076,7539.79364503175
100k-500seg-20H,AccQ,49,2025,UAff-F1,0.9,0.6172975528090083,7324.813299113885
100k-500seg-20H,AccQ,49,2026,UAff-F1,0.9,0.5833654816769552,7265.626716194674
100k-500seg-20H,AccQ,49,2027,UAff-F1,0.9,0.6124724288858572,7351.8176230136305
100k-500seg-20H,AccQ,49,2025,UAff-F1,1.0,0.9866373774435295,6075.188545975834
100k-500seg-20H,AccQ,49,2026,UAff-F1,1.0,0.9831925376817127,6101.244387915358
100k-500seg-20H,AccQ,49,2027,UAff-F1,1.0,0.9831622485602787,6052.928654011339
100k-10seg-100L,AccQ,50,2025,UAff-F1,0.1,-0.033343803242192945,741.3984190206975
100k-10seg-100L,AccQ,50,2026,UAff-F1,0.1,-0.012624379764864945,741.0568410996348
100k-10seg-100L,AccQ,50,2027,UAff-F1,0.1,-0.04022805997182693,742.1260830014944
100k-10seg-100L,AccQ,50,2025,UAff-F1,0.2,-0.023985416592429906,745.2483109664172
100k-10seg-100L,AccQ,50,2026,UAff-F1,0.2,-0.008324398409264919,742.834246950224
100k-10seg-100L,AccQ,50,2027,UAff-F1,0.2,-0.023015237443479785,739.2650449182838
100k-10seg-100L,AccQ,50,2025,UAff-F1,0.3,-0.02672552429082725,749.8550878372043
100k-10seg-100L,AccQ,50,2026,UAff-F1,0.3,-0.023267984030362922,741.9056929647923
100k-10seg-100L,AccQ,50,2027,UAff-F1,0.3,-0.02217818785462593,742.9731560405344
100k-10seg-100L,AccQ,50,2025,UAff-F1,0.4,-0.013238202261814972,744.4538120180368
100k-10seg-100L,AccQ,50,2026,UAff-F1,0.4,-0.0269380841604007,742.9847670719028
100k-10seg-100L,AccQ,50,2027,UAff-F1,0.4,-0.029201066667124416,743.8987179193646
100k-10seg-100L,AccQ,50,2025,UAff-F1,0.5,-0.002618592924321323,749.5332520920783
100k-10seg-100L,AccQ,50,2026,UAff-F1,0.5,-0.0041610475048895965,743.3331720530987
100k-10seg-100L,AccQ,50,2027,UAff-F1,0.5,-0.02007740916759212,742.6540979649872
100k-10seg-100L,AccQ,50,2025,UAff-F1,0.6,0.0038240463579315015,743.2470640633255
100k-10seg-100L,AccQ,50,2026,UAff-F1,0.6,0.017749645264661808,741.2217718083411
100k-10seg-100L,AccQ,50,2027,UAff-F1,0.6,-0.012319012602463236,739.4683649763465
100k-10seg-100L,AccQ,50,2025,UAff-F1,0.7,0.023730573571271396,748.0360921472311
100k-10seg-100L,AccQ,50,2026,UAff-F1,0.7,0.049490666784293515,750.4353320691735
100k-10seg-100L,AccQ,50,2027,UAff-F1,0.7,0.006947565773440828,745.2019290067255
100k-10seg-100L,AccQ,50,2025,UAff-F1,0.8,0.08653543259408437,738.7405219487846
100k-10seg-100L,AccQ,50,2026,UAff-F1,0.8,0.07984632520440021,745.5261438153684
100k-10seg-100L,AccQ,50,2027,UAff-F1,0.8,0.02481404897159845,745.3260789625347
100k-10seg-100L,AccQ,50,2025,UAff-F1,0.9,0.16529701211078088,745.7440679427236
100k-10seg-100L,AccQ,50,2026,UAff-F1,0.9,0.12436868077520101,741.1057369317859
100k-10seg-100L,AccQ,50,2027,UAff-F1,0.9,0.1258884126256251,741.9675020501018
100k-10seg-100L,AccQ,50,2025,UAff-F1,1.0,0.3144890269930804,720.447198022157
100k-10seg-100L,AccQ,50,2026,UAff-F1,1.0,0.31140140913210806,723.6685999669135
100k-10seg-100L,AccQ,50,2027,UAff-F1,1.0,0.3003373125583898,722.0593700185418
100k-100seg-100L,AccQ,51,2025,UAff-F1,0.1,-0.3178434894021314,2051.620347891003
100k-100seg-100L,AccQ,51,2026,UAff-F1,0.1,-0.339793947960891,2051.842941902578
100k-100seg-100L,AccQ,51,2027,UAff-F1,0.1,-0.26268042803001823,2050.5159359890968
100k-100seg-100L,AccQ,51,2025,UAff-F1,0.2,-0.2728013497783898,2058.6284541059285
100k-100seg-100L,AccQ,51,2026,UAff-F1,0.2,-0.30562115460959266,2052.319939015433
100k-100seg-100L,AccQ,51,2027,UAff-F1,0.2,-0.22727677322754894,2051.188237965107
100k-100seg-100L,AccQ,51,2025,UAff-F1,0.3,-0.21303531036503526,2054.1687759105116
100k-100seg-100L,AccQ,51,2026,UAff-F1,0.3,-0.2400623694312817,2046.64758592844
100k-100seg-100L,AccQ,51,2027,UAff-F1,0.3,-0.15071109848408615,2053.8945998996496
100k-100seg-100L,AccQ,51,2025,UAff-F1,0.4,-0.14211627501342336,2052.598775131628
100k-100seg-100L,AccQ,51,2026,UAff-F1,0.4,-0.18293458717207084,2057.156424038112
100k-100seg-100L,AccQ,51,2027,UAff-F1,0.4,-0.06959638083560235,2049.647903069854
100k-100seg-100L,AccQ,51,2025,UAff-F1,0.5,-0.043771628429170144,2055.0848718266934
100k-100seg-100L,AccQ,51,2026,UAff-F1,0.5,-0.08256393364613444,2061.9910180103034
100k-100seg-100L,AccQ,51,2027,UAff-F1,0.5,0.039611751303747146,2053.992877015844
100k-100seg-100L,AccQ,51,2025,UAff-F1,0.6,0.09848725538679685,2061.643396038562
100k-100seg-100L,AccQ,51,2026,UAff-F1,0.6,0.054426350678459294,2064.457462867722
100k-100seg-100L,AccQ,51,2027,UAff-F1,0.6,0.15299926245406573,2055.2271471824497
100k-100seg-100L,AccQ,51,2025,UAff-F1,0.7,0.2614714271912772,2056.242435006425
100k-100seg-100L,AccQ,51,2026,UAff-F1,0.7,0.22165522076321795,2051.6793518327177
100k-100seg-100L,AccQ,51,2027,UAff-F1,0.7,0.29262894531717676,2062.29722709395
100k-100seg-100L,AccQ,51,2025,UAff-F1,0.8,0.43442040968290496,2038.7036059983075
100k-100seg-100L,AccQ,51,2026,UAff-F1,0.8,0.3917801566339453,2056.116047082469
100k-100seg-100L,AccQ,51,2027,UAff-F1,0.8,0.45360562846485314,2058.123836060986
100k-100seg-100L,AccQ,51,2025,UAff-F1,0.9,0.6604883246472757,1998.3201529830694
100k-100seg-100L,AccQ,51,2026,UAff-F1,0.9,0.6482704761563415,2007.9581530299038
100k-100seg-100L,AccQ,51,2027,UAff-F1,0.9,0.6759739100119843,2011.5680480375886
100k-100seg-100L,AccQ,51,2025,UAff-F1,1.0,0.9993327240855243,1768.653228878975
100k-100seg-100L,AccQ,51,2026,UAff-F1,1.0,0.9994015364362238,1773.7693670205772
100k-100seg-100L,AccQ,51,2027,UAff-F1,1.0,0.9993521157983932,1776.5216322150081
100k-10seg-100H,AccQ,52,2025,UAff-F1,0.1,-0.03441715377498417,761.9050529319793
100k-10seg-100H,AccQ,52,2026,UAff-F1,0.1,-0.04662846230525829,756.5095429308712
100k-10seg-100H,AccQ,52,2027,UAff-F1,0.1,-0.0260995284536633,761.835380923003
100k-10seg-100H,AccQ,52,2025,UAff-F1,0.2,-0.013813691050603817,766.6765830945224
100k-10seg-100H,AccQ,52,2026,UAff-F1,0.2,-0.045233227020620444,760.3492960333824
100k-10seg-100H,AccQ,52,2027,UAff-F1,0.2,-0.015575715128604846,756.5441369079053
100k-10seg-100H,AccQ,52,2025,UAff-F1,0.3,-0.00808828969959557,756.2825749628246
100k-10seg-100H,AccQ,52,2026,UAff-F1,0.3,-0.053077988281964285,756.387053988874
100k-10seg-100H,AccQ,52,2027,UAff-F1,0.3,-0.000625730779914465,758.5508439224213
100k-10seg-100H,AccQ,52,2025,UAff-F1,0.4,-0.010793889660719915,760.0473379716277
100k-10seg-100H,AccQ,52,2026,UAff-F1,0.4,-0.04439046194584245,757.3030879721045
100k-10seg-100H,AccQ,52,2027,UAff-F1,0.4,0.00923419526766935,758.2253268919885
100k-10seg-100H,AccQ,52,2025,UAff-F1,0.5,-0.010544759079002647,761.7278608959168
100k-10seg-100H,AccQ,52,2026,UAff-F1,0.5,-0.02809687493125104,756.0358850751072
100k-10seg-100H,AccQ,52,2027,UAff-F1,0.5,0.012879625280158302,759.4235560391098
100k-10seg-100H,AccQ,52,2025,UAff-F1,0.6,0.026739252481905715,762.5416358932853
100k-10seg-100H,AccQ,52,2026,UAff-F1,0.6,0.00021626928423040432,762.9454350098968
100k-10seg-100H,AccQ,52,2027,UAff-F1,0.6,0.027529778873323914,753.6362749524415
100k-10seg-100H,AccQ,52,2025,UAff-F1,0.7,0.06968690378951435,760.3215021081269
100k-10seg-100H,AccQ,52,2026,UAff-F1,0.7,0.031957354709413556,763.933164998889
100k-10seg-100H,AccQ,52,2027,UAff-F1,0.7,0.04026064077227615,756.8423422053456
100k-10seg-100H,AccQ,52,2025,UAff-F1,0.8,0.10179305252942591,763.0314929410815
100k-10seg-100H,AccQ,52,2026,UAff-F1,0.8,0.06562764285160803,757.9702518414706
100k-10seg-100H,AccQ,52,2027,UAff-F1,0.8,0.09844132402661432,758.9977520983666
100k-10seg-100H,AccQ,52,2025,UAff-F1,0.9,0.18320778596634493,752.7195538859814
100k-10seg-100H,AccQ,52,2026,UAff-F1,0.9,0.19464306397850395,759.76432277821
100k-10seg-100H,AccQ,52,2027,UAff-F1,0.9,0.1930061805486307,755.9180741664022
100k-10seg-100H,AccQ,52,2025,UAff-F1,1.0,0.3804071712328105,732.4245958589017
100k-10seg-100H,AccQ,52,2026,UAff-F1,1.0,0.36763699181489706,731.9853019434959
100k-10seg-100H,AccQ,52,2027,UAff-F1,1.0,0.3872843090200045,732.3652429040521
100k-100seg-100H,AccQ,53,2025,UAff-F1,0.1,-0.21220038695669155,2031.3909240067005
100k-100seg-100H,AccQ,53,2026,UAff-F1,0.1,-0.25422789983546407,2029.2321818415076
100k-100seg-100H,AccQ,53,2027,UAff-F1,0.1,-0.27665165788855306,2025.4878480918705
100k-100seg-100H,AccQ,53,2025,UAff-F1,0.2,-0.16722543491193553,2035.5018319096416
100k-100seg-100H,AccQ,53,2026,UAff-F1,0.2,-0.20674592767118638,2034.618393983692
100k-100seg-100H,AccQ,53,2027,UAff-F1,0.2,-0.24715261589473522,2029.4842110015452
100k-100seg-100H,AccQ,53,2025,UAff-F1,0.3,-0.10049767811032903,2035.461185965687
100k-100seg-100H,AccQ,53,2026,UAff-F1,0.3,-0.13410569972731975,2027.8905141167343
100k-100seg-100H,AccQ,53,2027,UAff-F1,0.3,-0.1788425250661338,2035.375984851271
100k-100seg-100H,AccQ,53,2025,UAff-F1,0.4,-0.040535608236645565,2032.0289209485054
100k-100seg-100H,AccQ,53,2026,UAff-F1,0.4,-0.07317122322640739,2037.585370009765
100k-100seg-100H,AccQ,53,2027,UAff-F1,0.4,-0.10084634196036678,2036.6218851413578
100k-100seg-100H,AccQ,53,2025,UAff-F1,0.5,0.04045318306211898,2042.1984719578177
100k-100seg-100H,AccQ,53,2026,UAff-F1,0.5,0.02141976859019891,2039.4791548606008
100k-100seg-100H,AccQ,53,2027,UAff-F1,0.5,-0.013317519293586447,2031.4056489150971
100k-100seg-100H,AccQ,53,2025,UAff-F1,0.6,0.11959877556836178,2040.9301440231502
100k-100seg-100H,AccQ,53,2026,UAff-F1,0.6,0.12667059741359313,2039.2966330982745
100k-100seg-100H,AccQ,53,2027,UAff-F1,0.6,0.0862502829074812,2038.3912101387978
100k-100seg-100H,AccQ,53,2025,UAff-F1,0.7,0.22724717720453322,2047.608788125217
100k-100seg-100H,AccQ,53,2026,UAff-F1,0.7,0.2719262776179359,2032.8633328899741
100k-100seg-100H,AccQ,53,2027,UAff-F1,0.7,0.20881301827517892,2046.5622120536864
100k-100seg-100H,AccQ,53,2025,UAff-F1,0.8,0.376110604827699,2025.972796138376
100k-100seg-100H,AccQ,53,2026,UAff-F1,0.8,0.3980954827857304,2017.913760850206
100k-100seg-100H,AccQ,53,2027,UAff-F1,0.8,0.376918316143651,2023.8625381607562
100k-100seg-100H,AccQ,53,2025,UAff-F1,0.9,0.573311758849506,1987.838122062385
100k-100seg-100H,AccQ,53,2026,UAff-F1,0.9,0.6076281323287116,1976.934727979824
100k-100seg-100H,AccQ,53,2027,UAff-F1,0.9,0.5817596475237264,1990.9720551222563
100k-100seg-100H,AccQ,53,2025,UAff-F1,1.0,0.9995543744059768,1690.305287949741
100k-100seg-100H,AccQ,53,2026,UAff-F1,1.0,0.9995987162940788,1694.897626992315
100k-100seg-100H,AccQ,53,2027,UAff-F1,1.0,0.999540539462478,1694.888637168333
100k-2seg-500L,AccQ,54,2025,UAff-F1,0.1,-0.058562692065772116,633.5798178333789
100k-2seg-500L,AccQ,54,2026,UAff-F1,0.1,-0.04450744720855423,632.3891410138458
100k-2seg-500L,AccQ,54,2027,UAff-F1,0.1,-0.04750694780544112,746.1703279986978
100k-2seg-500L,AccQ,54,2025,UAff-F1,0.2,-0.04567738119829137,633.9505359064788
100k-2seg-500L,AccQ,54,2026,UAff-F1,0.2,-0.04961718109608288,636.8499379605055
100k-2seg-500L,AccQ,54,2027,UAff-F1,0.2,-0.032951640868733936,636.7318648844957
100k-2seg-500L,AccQ,54,2025,UAff-F1,0.3,-0.05432515650002238,635.228558909148
100k-2seg-500L,AccQ,54,2026,UAff-F1,0.3,-0.056909629579159064,637.0449629612267
100k-2seg-500L,AccQ,54,2027,UAff-F1,0.3,-0.024092400869615234,630.96081209369
100k-2seg-500L,AccQ,54,2025,UAff-F1,0.4,-0.04609757635337387,633.4937440697104
100k-2seg-500L,AccQ,54,2026,UAff-F1,0.4,-0.04299423572983659,634.0018871705979
100k-2seg-500L,AccQ,54,2027,UAff-F1,0.4,-0.01868965265895022,634.0347239747643
100k-2seg-500L,AccQ,54,2025,UAff-F1,0.5,-0.02564554149113266,638.8299360405654
100k-2seg-500L,AccQ,54,2026,UAff-F1,0.5,-0.02843978262943199,632.6355000492185
100k-2seg-500L,AccQ,54,2027,UAff-F1,0.5,-0.0002340769410359591,631.2757839914411
100k-2seg-500L,AccQ,54,2025,UAff-F1,0.6,0.011039210886886822,632.2083789855242
100k-2seg-500L,AccQ,54,2026,UAff-F1,0.6,-0.0073844262514512655,639.6973708178848
100k-2seg-500L,AccQ,54,2027,UAff-F1,0.6,0.008768761624962602,639.276668895036
100k-2seg-500L,AccQ,54,2025,UAff-F1,0.7,0.03546492429783548,637.3220609966666
100k-2seg-500L,AccQ,54,2026,UAff-F1,0.7,0.012599062699585904,632.6917691621929
100k-2seg-500L,AccQ,54,2027,UAff-F1,0.7,0.00744050598306289,631.5469918772578
100k-2seg-500L,AccQ,54,2025,UAff-F1,0.8,0.07556549813863292,639.6274180151522
100k-2seg-500L,AccQ,54,2026,UAff-F1,0.8,0.018334085408535216,639.1317278612405
100k-2seg-500L,AccQ,54,2027,UAff-F1,0.8,0.04139360726746955,726.6592828091234
100k-2seg-500L,AccQ,54,2025,UAff-F1,0.9,0.17443596448381746,633.7126938160509
100k-2seg-500L,AccQ,54,2026,UAff-F1,0.9,0.13538523855335904,638.9950069133192
100k-2seg-500L,AccQ,54,2027,UAff-F1,0.9,0.13995158684249923,630.5907547939569
100k-2seg-500L,AccQ,54,2025,UAff-F1,1.0,0.34492515362251086,624.2028188426048
100k-2seg-500L,AccQ,54,2026,UAff-F1,1.0,0.3417407594088858,624.0677100140601
100k-2seg-500L,AccQ,54,2027,UAff-F1,1.0,0.34882980039949113,619.5392820518464
100k-20seg-500L,AccQ,55,2025,UAff-F1,0.1,-0.2459012717661429,923.0011401232332
100k-20seg-500L,AccQ,55,2026,UAff-F1,0.1,-0.262636076536188,920.0253020972013
100k-20seg-500L,AccQ,55,2027,UAff-F1,0.1,-0.2054275302648718,919.1807699389756
100k-20seg-500L,AccQ,55,2025,UAff-F1,0.2,-0.20551513975392488,926.2113969307393
100k-20seg-500L,AccQ,55,2026,UAff-F1,0.2,-0.22223708854736782,920.6724348478019
100k-20seg-500L,AccQ,55,2027,UAff-F1,0.2,-0.16880975175339566,923.89633692801
100k-20seg-500L,AccQ,55,2025,UAff-F1,0.3,-0.15945672168595987,925.9811381343752
100k-20seg-500L,AccQ,55,2026,UAff-F1,0.3,-0.174191915779826,920.9818600211293
100k-20seg-500L,AccQ,55,2027,UAff-F1,0.3,-0.09889919550328488,930.5289138574153
100k-20seg-500L,AccQ,55,2025,UAff-F1,0.4,-0.1003953992803496,921.8228009995073
100k-20seg-500L,AccQ,55,2026,UAff-F1,0.4,-0.10754501124549161,920.751929981634
100k-20seg-500L,AccQ,55,2027,UAff-F1,0.4,-0.015918213241460553,921.1106770671904
100k-20seg-500L,AccQ,55,2025,UAff-F1,0.5,-0.01907034075278598,926.718627801165
100k-20seg-500L,AccQ,55,2026,UAff-F1,0.5,-0.006799034895708683,924.4169460143894
100k-20seg-500L,AccQ,55,2027,UAff-F1,0.5,0.07069665766599564,921.3715258520097
100k-20seg-500L,AccQ,55,2025,UAff-F1,0.6,0.09626247041109728,930.6458032224327
100k-20seg-500L,AccQ,55,2026,UAff-F1,0.6,0.1129016996993644,923.117320984602
100k-20seg-500L,AccQ,55,2027,UAff-F1,0.6,0.16232303169871792,928.0294589698315
100k-20seg-500L,AccQ,55,2025,UAff-F1,0.7,0.23076454762239876,927.8364470228553
100k-20seg-500L,AccQ,55,2026,UAff-F1,0.7,0.21695369456417465,929.0493570733815
100k-20seg-500L,AccQ,55,2027,UAff-F1,0.7,0.2761371943174628,924.3477080017328
100k-20seg-500L,AccQ,55,2025,UAff-F1,0.8,0.38490942909903325,921.1043550167233
100k-20seg-500L,AccQ,55,2026,UAff-F1,0.8,0.39443225115544106,924.4766000192612
100k-20seg-500L,AccQ,55,2027,UAff-F1,0.8,0.425395881470889,925.8893518708646
100k-20seg-500L,AccQ,55,2025,UAff-F1,0.9,0.6227871805634012,917.18002804555
100k-20seg-500L,AccQ,55,2026,UAff-F1,0.9,0.6276638401772867,916.1345621105283
100k-20seg-500L,AccQ,55,2027,UAff-F1,0.9,0.6445758706228467,920.8063560072333
100k-20seg-500L,AccQ,55,2025,UAff-F1,1.0,0.9999122027047171,842.9837299045175
100k-20seg-500L,AccQ,55,2026,UAff-F1,1.0,0.9999140412131725,845.8111728541553
100k-20seg-500L,AccQ,55,2027,UAff-F1,1.0,0.9999158947230312,835.996356094256
100k-2seg-500H,AccQ,56,2025,UAff-F1,0.1,-0.03506264147772189,635.1471599191427
100k-2seg-500H,AccQ,56,2026,UAff-F1,0.1,0.004880990107116019,635.2748470380902
100k-2seg-500H,AccQ,56,2027,UAff-F1,0.1,-0.02858573196791448,631.7962291650474
100k-2seg-500H,AccQ,56,2025,UAff-F1,0.2,-0.034156677973782947,638.4944501332939
100k-2seg-500H,AccQ,56,2026,UAff-F1,0.2,-0.0016277127646273399,638.7556379195303
100k-2seg-500H,AccQ,56,2027,UAff-F1,0.2,-0.023297361730299546,633.2216111477464
100k-2seg-500H,AccQ,56,2025,UAff-F1,0.3,-0.03253941270619835,636.4351480733603
100k-2seg-500H,AccQ,56,2026,UAff-F1,0.3,-0.014454325582709187,635.147144086659
100k-2seg-500H,AccQ,56,2027,UAff-F1,0.3,-0.0159354143288086,639.5946987904608
100k-2seg-500H,AccQ,56,2025,UAff-F1,0.4,-0.03478137423973069,632.5246540363878
100k-2seg-500H,AccQ,56,2026,UAff-F1,0.4,-0.02293101334981092,635.8545292168856
100k-2seg-500H,AccQ,56,2027,UAff-F1,0.4,-0.014030858806224171,630.6981171946973
100k-2seg-500H,AccQ,56,2025,UAff-F1,0.5,-0.022913271482022542,630.7878140360117
100k-2seg-500H,AccQ,56,2026,UAff-F1,0.5,-0.02285158103504337,629.9619900528342
100k-2seg-500H,AccQ,56,2027,UAff-F1,0.5,-0.002185791963819166,632.844754960388
100k-2seg-500H,AccQ,56,2025,UAff-F1,0.6,0.009394060321776579,631.2026330269873
100k-2seg-500H,AccQ,56,2026,UAff-F1,0.6,0.0006606164874287434,633.9338340330869
100k-2seg-500H,AccQ,56,2027,UAff-F1,0.6,0.014486689031170275,638.4224460925907
100k-2seg-500H,AccQ,56,2025,UAff-F1,0.7,0.022085792480999615,734.5014698803425
100k-2seg-500H,AccQ,56,2026,UAff-F1,0.7,0.03188039492210313,638.8720790855587
100k-2seg-500H,AccQ,56,2027,UAff-F1,0.7,0.018178293627756862,633.1757311709225
100k-2seg-500H,AccQ,56,2025,UAff-F1,0.8,0.021465267705067747,636.272334959358
100k-2seg-500H,AccQ,56,2026,UAff-F1,0.8,0.0205262285376884,633.5573380347341
100k-2seg-500H,AccQ,56,2027,UAff-F1,0.8,0.009459983903743988,637.0978120248765
100k-2seg-500H,AccQ,56,2025,UAff-F1,0.9,0.04104597173072706,634.0247760526836
100k-2seg-500H,AccQ,56,2026,UAff-F1,0.9,0.048755549327176226,630.5839780252427
100k-2seg-500H,AccQ,56,2027,UAff-F1,0.9,0.03358976396389958,630.542237078771
100k-2seg-500H,AccQ,56,2025,UAff-F1,1.0,0.10396629882783191,631.2236888334155
100k-2seg-500H,AccQ,56,2026,UAff-F1,1.0,0.10717744939989857,624.5263600721955
100k-2seg-500H,AccQ,56,2027,UAff-F1,1.0,0.11400442590167405,625.9892529342324
100k-20seg-500H,AccQ,57,2025,UAff-F1,0.1,-0.2090880577546855,875.0821589492261
100k-20seg-500H,AccQ,57,2026,UAff-F1,0.1,-0.2562325995935434,869.6829359978437
100k-20seg-500H,AccQ,57,2027,UAff-F1,0.1,-0.21581900746090074,871.9105808995664
100k-20seg-500H,AccQ,57,2025,UAff-F1,0.2,-0.1823444860356849,878.2925310079008
100k-20seg-500H,AccQ,57,2026,UAff-F1,0.2,-0.22853422291230524,875.9931090753525
100k-20seg-500H,AccQ,57,2027,UAff-F1,0.2,-0.1844685507703986,866.8770820368081
100k-20seg-500H,AccQ,57,2025,UAff-F1,0.3,-0.12756266718018458,874.4966899976134
100k-20seg-500H,AccQ,57,2026,UAff-F1,0.3,-0.18417569305063913,872.8179831523448
100k-20seg-500H,AccQ,57,2027,UAff-F1,0.3,-0.14123928536548044,873.0238978751004
100k-20seg-500H,AccQ,57,2025,UAff-F1,0.4,-0.06654721223091982,880.7715370785445
100k-20seg-500H,AccQ,57,2026,UAff-F1,0.4,-0.11334628063569052,877.6201012078673
100k-20seg-500H,AccQ,57,2027,UAff-F1,0.4,-0.08164028704747715,880.4754689335823
100k-20seg-500H,AccQ,57,2025,UAff-F1,0.5,0.008676418998106832,877.5793430395424
100k-20seg-500H,AccQ,57,2026,UAff-F1,0.5,-0.024649757407937584,876.6729990020394
100k-20seg-500H,AccQ,57,2027,UAff-F1,0.5,0.0029106959844606545,875.8595550898463
100k-20seg-500H,AccQ,57,2025,UAff-F1,0.6,0.10958442985999378,881.0253348201513
100k-20seg-500H,AccQ,57,2026,UAff-F1,0.6,0.07898919116292778,883.0316890962422
100k-20seg-500H,AccQ,57,2027,UAff-F1,0.6,0.11256611074710643,879.9587679095566
100k-20seg-500H,AccQ,57,2025,UAff-F1,0.7,0.23972242965395127,882.3524420149624
100k-20seg-500H,AccQ,57,2026,UAff-F1,0.7,0.21001291701119598,884.9338898435235
100k-20seg-500H,AccQ,57,2027,UAff-F1,0.7,0.23229765661484578,880.3529699798673
100k-20seg-500H,AccQ,57,2025,UAff-F1,0.8,0.3811537443153474,881.0107719618827
100k-20seg-500H,AccQ,57,2026,UAff-F1,0.8,0.3775974163456017,883.3643409889191
100k-20seg-500H,AccQ,57,2027,UAff-F1,0.8,0.381762653177234,877.8008411172777
100k-20seg-500H,AccQ,57,2025,UAff-F1,0.9,0.5911124023489043,872.0578919164836
100k-20seg-500H,AccQ,57,2026,UAff-F1,0.9,0.6005845874878118,870.7678799983114
100k-20seg-500H,AccQ,57,2027,UAff-F1,0.9,0.5950347614129137,879.4338218867779
100k-20seg-500H,AccQ,57,2025,UAff-F1,1.0,0.9999207908287248,814.2406668048352
100k-20seg-500H,AccQ,57,2026,UAff-F1,1.0,0.9999181924126537,813.8558380305767
100k-20seg-500H,AccQ,57,2027,UAff-F1,1.0,0.9999180079335368,813.3684659842402
10k-2seg-50L,AccQ,58,2025,UAff-F1,0.1,-0.06807110342763878,64.39382187090814
10k-2seg-50L,AccQ,58,2026,UAff-F1,0.1,-0.07027909680872631,64.19566599652171
10k-2seg-50L,AccQ,58,2027,UAff-F1,0.1,-0.09215718894199416,64.62741596624255
10k-2seg-50L,AccQ,58,2025,UAff-F1,0.2,-0.08071677305897498,65.43826987035573
10k-2seg-50L,AccQ,58,2026,UAff-F1,0.2,-0.032061180156881385,64.41993499174714
10k-2seg-50L,AccQ,58,2027,UAff-F1,0.2,-0.058114539442682106,64.92088502272964
10k-2seg-50L,AccQ,58,2025,UAff-F1,0.3,-0.0725142533457345,64.46899194270372
10k-2seg-50L,AccQ,58,2026,UAff-F1,0.3,-0.0030702797154771497,64.74331207573414
10k-2seg-50L,AccQ,58,2027,UAff-F1,0.3,-0.052846031895640154,64.81513287872076
10k-2seg-50L,AccQ,58,2025,UAff-F1,0.4,-0.05208546500908667,64.48468216694891
10k-2seg-50L,AccQ,58,2026,UAff-F1,0.4,-0.006164795675089704,64.32303786277771
10k-2seg-50L,AccQ,58,2027,UAff-F1,0.4,-0.05294082039392082,64.71876590512693
10k-2seg-50L,AccQ,58,2025,UAff-F1,0.5,-0.04212181073017581,63.976282021030784
10k-2seg-50L,AccQ,58,2026,UAff-F1,0.5,-0.00037684191788542684,64.03314182534814
10k-2seg-50L,AccQ,58,2027,UAff-F1,0.5,-0.051804568411839315,64.40667109563947
10k-2seg-50L,AccQ,58,2025,UAff-F1,0.6,-0.02164193414426557,64.81766095384955
10k-2seg-50L,AccQ,58,2026,UAff-F1,0.6,0.010096279065588337,64.34121215716004
10k-2seg-50L,AccQ,58,2027,UAff-F1,0.6,-0.02860098173351853,63.88814002275467
10k-2seg-50L,AccQ,58,2025,UAff-F1,0.7,0.0165198404950347,64.57957695238292
10k-2seg-50L,AccQ,58,2026,UAff-F1,0.7,0.06549563442048675,64.66578296385705
10k-2seg-50L,AccQ,58,2027,UAff-F1,0.7,-0.03137073884224691,64.43381099961698
10k-2seg-50L,AccQ,58,2025,UAff-F1,0.8,0.019001776986267867,64.25059610046446
10k-2seg-50L,AccQ,58,2026,UAff-F1,0.8,0.06185780221259484,64.89086989313364
10k-2seg-50L,AccQ,58,2027,UAff-F1,0.8,0.09416668662193746,65.0107990950346
10k-2seg-50L,AccQ,58,2025,UAff-F1,0.9,0.08548055854592967,64.3037750851363
10k-2seg-50L,AccQ,58,2026,UAff-F1,0.9,0.08169110069185727,65.01690205186605
10k-2seg-50L,AccQ,58,2027,UAff-F1,0.9,0.13353442304366275,64.94098319672048
10k-2seg-50L,AccQ,58,2025,UAff-F1,1.0,0.25128048039413575,63.66268498823047
10k-2seg-50L,AccQ,58,2026,UAff-F1,1.0,0.2890231528237638,63.79515095613897
10k-2seg-50L,AccQ,58,2027,UAff-F1,1.0,0.21531410071249185,63.96500580012798
10k-20seg-50L,AccQ,59,2025,UAff-F1,0.1,-0.3258622292052933,95.58769408613443
10k-20seg-50L,AccQ,59,2026,UAff-F1,0.1,-0.3873763294774289,95.4413351137191
10k-20seg-50L,AccQ,59,2027,UAff-F1,0.1,-0.18746321706205035,94.42504914477468
10k-20seg-50L,AccQ,59,2025,UAff-F1,0.2,-0.29292981176314786,94.99285696074367
10k-20seg-50L,AccQ,59,2026,UAff-F1,0.2,-0.3187175942003146,95.10929696261883
10k-20seg-50L,AccQ,59,2027,UAff-F1,0.2,-0.1548058824890352,95.39893898181617
10k-20seg-50L,AccQ,59,2025,UAff-F1,0.3,-0.27051888829490667,95.48130608163774
10k-20seg-50L,AccQ,59,2026,UAff-F1,0.3,-0.27954690892949513,95.16731603071094
10k-20seg-50L,AccQ,59,2027,UAff-F1,0.3,-0.0932892165730277,94.70488992519677
10k-20seg-50L,AccQ,59,2025,UAff-F1,0.4,-0.17669167321343923,95.99519800394773
10k-20seg-50L,AccQ,59,2026,UAff-F1,0.4,-0.21517119758567516,95.48131609335542
10k-20seg-50L,AccQ,59,2027,UAff-F1,0.4,-0.05672412024587958,95.74928507208824
10k-20seg-50L,AccQ,59,2025,UAff-F1,0.5,-0.016355324445748918,96.56618791632354
10k-20seg-50L,AccQ,59,2026,UAff-F1,0.5,-0.07410411120500068,95.7180189434439
10k-20seg-50L,AccQ,59,2027,UAff-F1,0.5,0.05111805339000381,96.32493299432099
10k-20seg-50L,AccQ,59,2025,UAff-F1,0.6,0.14684652887737634,95.48592614009976
10k-20seg-50L,AccQ,59,2026,UAff-F1,0.6,0.01527030261329452,95.33718880265951
10k-20seg-50L,AccQ,59,2027,UAff-F1,0.6,0.11850158081319073,95.91427003033459
10k-20seg-50L,AccQ,59,2025,UAff-F1,0.7,0.19605135680182018,95.74815002270043
10k-20seg-50L,AccQ,59,2026,UAff-F1,0.7,0.186013926280373,95.40016995742917
10k-20seg-50L,AccQ,59,2027,UAff-F1,0.7,0.24477658530695492,95.45493707992136
10k-20seg-50L,AccQ,59,2025,UAff-F1,0.8,0.35230266393586224,96.46496805362403
10k-20seg-50L,AccQ,59,2026,UAff-F1,0.8,0.35015379110666756,96.19411104358733
10k-20seg-50L,AccQ,59,2027,UAff-F1,0.8,0.4663070115888861,95.91359901241958
10k-20seg-50L,AccQ,59,2025,UAff-F1,0.9,0.6197173391707003,95.09189915843308
10k-20seg-50L,AccQ,59,2026,UAff-F1,0.9,0.6485848541877014,94.9373699259013
10k-20seg-50L,AccQ,59,2027,UAff-F1,0.9,0.600403349631132,94.9019358959049
10k-20seg-50L,AccQ,59,2025,UAff-F1,1.0,0.9990599365748798,87.64473302289844
10k-20seg-50L,AccQ,59,2026,UAff-F1,1.0,0.9990772884644579,86.75066498108208
10k-20seg-50L,AccQ,59,2027,UAff-F1,1.0,0.9990093484064854,86.14864991977811
10k-2seg-50H,AccQ,60,2025,UAff-F1,0.1,-0.0020526777103471875,64.39412501640618
10k-2seg-50H,AccQ,60,2026,UAff-F1,0.1,-0.0994849408649989,64.57910197786987
10k-2seg-50H,AccQ,60,2027,UAff-F1,0.1,-0.07319614967725822,64.37534606084228
10k-2seg-50H,AccQ,60,2025,UAff-F1,0.2,-0.03450993698404245,64.8135500960052
10k-2seg-50H,AccQ,60,2026,UAff-F1,0.2,-0.06680312134899569,64.43962501361966
10k-2seg-50H,AccQ,60,2027,UAff-F1,0.2,-0.033566114482567466,65.13383286073804
10k-2seg-50H,AccQ,60,2025,UAff-F1,0.3,-0.040120251418215826,64.37267200089991
10k-2seg-50H,AccQ,60,2026,UAff-F1,0.3,-0.0498183665881273,64.48318180628121
10k-2seg-50H,AccQ,60,2027,UAff-F1,0.3,-0.03252718802627261,65.18050795421004
10k-2seg-50H,AccQ,60,2025,UAff-F1,0.4,-0.011060165227418728,64.65275585651398
10k-2seg-50H,AccQ,60,2026,UAff-F1,0.4,-0.004208224105651155,64.66112611815333
10k-2seg-50H,AccQ,60,2027,UAff-F1,0.4,-0.0364856096616896,64.78378712199628
10k-2seg-50H,AccQ,60,2025,UAff-F1,0.5,-0.0675524116987868,64.43696096539497
10k-2seg-50H,AccQ,60,2026,UAff-F1,0.5,0.0021612904341040823,64.40318585373461
10k-2seg-50H,AccQ,60,2027,UAff-F1,0.5,-0.06259127849977586,64.30338602513075
10k-2seg-50H,AccQ,60,2025,UAff-F1,0.6,-0.04608352314193267,64.49437793344259
10k-2seg-50H,AccQ,60,2026,UAff-F1,0.6,0.07368242151359292,64.50510211288929
10k-2seg-50H,AccQ,60,2027,UAff-F1,0.6,-0.01751818510798974,64.67348616570234
10k-2seg-50H,AccQ,60,2025,UAff-F1,0.7,-0.04361571075581465,64.79153782129288
10k-2seg-50H,AccQ,60,2026,UAff-F1,0.7,0.055439856912381805,64.39389009028673
10k-2seg-50H,AccQ,60,2027,UAff-F1,0.7,0.0038934267349201228,64.74396493285894
10k-2seg-50H,AccQ,60,2025,UAff-F1,0.8,-0.06803862661673761,63.913627061992884
10k-2seg-50H,AccQ,60,2026,UAff-F1,0.8,0.017694892625648752,64.79313294403255
10k-2seg-50H,AccQ,60,2027,UAff-F1,0.8,0.12317509237448164,65.01930998638272
10k-2seg-50H,AccQ,60,2025,UAff-F1,0.9,0.04530349815141667,64.98190993443131
10k-2seg-50H,AccQ,60,2026,UAff-F1,0.9,0.09123852363847368,64.63963515125215
10k-2seg-50H,AccQ,60,2027,UAff-F1,0.9,0.15639809222768913,65.21696201525629
10k-2seg-50H,AccQ,60,2025,UAff-F1,1.0,0.29468668328728986,63.49394517019391
10k-2seg-50H,AccQ,60,2026,UAff-F1,1.0,0.19360303043423197,62.94872495345771
10k-2seg-50H,AccQ,60,2027,UAff-F1,1.0,0.2342019564615061,63.191446010023355
10k-20seg-50H,AccQ,61,2025,UAff-F1,0.1,-0.38101252835918814,93.51105988025665
10k-20seg-50H,AccQ,61,2026,UAff-F1,0.1,-0.2011844306801663,93.00587000325322
10k-20seg-50H,AccQ,61,2027,UAff-F1,0.1,-0.16423561022922534,92.75390487164259
10k-20seg-50H,AccQ,61,2025,UAff-F1,0.2,-0.35748095449367856,94.24261003732681
10k-20seg-50H,AccQ,61,2026,UAff-F1,0.2,-0.1873119068416716,92.91806491091847
10k-20seg-50H,AccQ,61,2027,UAff-F1,0.2,0.0013747296096583085,93.4906299225986
10k-20seg-50H,AccQ,61,2025,UAff-F1,0.3,-0.35840962848183283,93.95255101844668
10k-20seg-50H,AccQ,61,2026,UAff-F1,0.3,-0.1424340774011264,93.51282590068877
10k-20seg-50H,AccQ,61,2027,UAff-F1,0.3,0.0879647772135119,93.88030203990638
10k-20seg-50H,AccQ,61,2025,UAff-F1,0.4,-0.29399149310448786,93.710235087201
10k-20seg-50H,AccQ,61,2026,UAff-F1,0.4,-0.10748295024497387,94.11290800198913
10k-20seg-50H,AccQ,61,2027,UAff-F1,0.4,0.21611968071995255,93.43687514774501
10k-20seg-50H,AccQ,61,2025,UAff-F1,0.5,-0.1082600730484546,94.51505402103066
10k-20seg-50H,AccQ,61,2026,UAff-F1,0.5,-0.046420937172761516,93.71957392431796
10k-20seg-50H,AccQ,61,2027,UAff-F1,0.5,0.23412921578738669,94.00466200895607
10k-20seg-50H,AccQ,61,2025,UAff-F1,0.6,0.036534574772280184,94.49589997529984
10k-20seg-50H,AccQ,61,2026,UAff-F1,0.6,0.07928227692661709,94.26349611021578
10k-20seg-50H,AccQ,61,2027,UAff-F1,0.6,0.28717054153427457,94.03594210743904
10k-20seg-50H,AccQ,61,2025,UAff-F1,0.7,0.11805785098228096,95.3285361174494
10k-20seg-50H,AccQ,61,2026,UAff-F1,0.7,0.2356619572028123,93.90919911675155
10k-20seg-50H,AccQ,61,2027,UAff-F1,0.7,0.37639004966890766,93.9156950917095
10k-20seg-50H,AccQ,61,2025,UAff-F1,0.8,0.21316484275698747,93.99950504302979
10k-20seg-50H,AccQ,61,2026,UAff-F1,0.8,0.3710883027742134,94.10471399314702
10k-20seg-50H,AccQ,61,2027,UAff-F1,0.8,0.46659615177459296,93.54396699927747
10k-20seg-50H,AccQ,61,2025,UAff-F1,0.9,0.5047342434072423,93.47238182090223
10k-20seg-50H,AccQ,61,2026,UAff-F1,0.9,0.5807480736210481,93.54054811410606
10k-20seg-50H,AccQ,61,2027,UAff-F1,0.9,0.6011893804799376,93.1888921186328
10k-20seg-50H,AccQ,61,2025,UAff-F1,1.0,0.9992018932454138,85.28902404941618
10k-20seg-50H,AccQ,61,2026,UAff-F1,1.0,0.9991861547719156,85.02875990234315
10k-20seg-50H,AccQ,61,2027,UAff-F1,1.0,0.9991247083581377,84.69280088320374
10k-5seg-20L,AccQ,62,2025,UAff-F1,0.1,-0.15034387409484168,70.28703414835036
10k-5seg-20L,AccQ,62,2026,UAff-F1,0.1,-0.2448002282743416,70.48171292990446
10k-5seg-20L,AccQ,62,2027,UAff-F1,0.1,-0.09580697070437434,70.34833403304219
10k-5seg-20L,AccQ,62,2025,UAff-F1,0.2,-0.09293485598070904,70.40798710659146
10k-5seg-20L,AccQ,62,2026,UAff-F1,0.2,-0.27296504378972747,69.42066294141114
10k-5seg-20L,AccQ,62,2027,UAff-F1,0.2,-0.04928121296128109,69.12410398945212
10k-5seg-20L,AccQ,62,2025,UAff-F1,0.3,-0.10676396600739103,69.25888289697468
10k-5seg-20L,AccQ,62,2026,UAff-F1,0.3,-0.24282272931079688,69.65057901106775
10k-5seg-20L,AccQ,62,2027,UAff-F1,0.3,-0.07376867370392268,69.23291692510247
10k-5seg-20L,AccQ,62,2025,UAff-F1,0.4,-0.08550453373250039,70.21521893329918
10k-5seg-20L,AccQ,62,2026,UAff-F1,0.4,-0.273687009823191,69.88917593844235
10k-5seg-20L,AccQ,62,2027,UAff-F1,0.4,-0.08466969344951678,69.23574395477772
10k-5seg-20L,AccQ,62,2025,UAff-F1,0.5,-0.06522187223158266,70.09041984565556
10k-5seg-20L,AccQ,62,2026,UAff-F1,0.5,-0.25572121934016706,69.7894908953458
10k-5seg-20L,AccQ,62,2027,UAff-F1,0.5,-0.11299884467439733,69.990562973544
10k-5seg-20L,AccQ,62,2025,UAff-F1,0.6,-0.0485239496686528,69.54121496528387
10k-5seg-20L,AccQ,62,2026,UAff-F1,0.6,-0.23061524729926555,69.61265183053911
10k-5seg-20L,AccQ,62,2027,UAff-F1,0.6,-0.1406658598389401,69.63624805212021
10k-5seg-20L,AccQ,62,2025,UAff-F1,0.7,-0.035041786146522154,70.31797990202904
10k-5seg-20L,AccQ,62,2026,UAff-F1,0.7,-0.23719445461673502,69.38542192801833
10k-5seg-20L,AccQ,62,2027,UAff-F1,0.7,-0.07248727571397304,70.091008907184
10k-5seg-20L,AccQ,62,2025,UAff-F1,0.8,-0.0300837126903679,69.13055293262005
10k-5seg-20L,AccQ,62,2026,UAff-F1,0.8,-0.21204236215649808,70.04330889321864
10k-5seg-20L,AccQ,62,2027,UAff-F1,0.8,-0.015577017160425878,70.30643802136183
10k-5seg-20L,AccQ,62,2025,UAff-F1,0.9,0.1705283199421674,69.4028208963573
10k-5seg-20L,AccQ,62,2026,UAff-F1,0.9,0.117402745106005,69.2614319268614
10k-5seg-20L,AccQ,62,2027,UAff-F1,0.9,0.22314657148493725,69.6829438675195
10k-5seg-20L,AccQ,62,2025,UAff-F1,1.0,0.40819122013173254,68.1240709964186
10k-5seg-20L,AccQ,62,2026,UAff-F1,1.0,0.3937610160760789,68.34207009524107
10k-5seg-20L,AccQ,62,2027,UAff-F1,1.0,0.3233283852587845,67.8906999528408
10k-50seg-20L,AccQ,63,2025,UAff-F1,0.1,-0.33541541708744776,137.91811908595264
10k-50seg-20L,AccQ,63,2026,UAff-F1,0.1,-0.09366762291158248,137.60003680363297
10k-50seg-20L,AccQ,63,2027,UAff-F1,0.1,-0.24373155763640966,139.56231297925115
10k-50seg-20L,AccQ,63,2025,UAff-F1,0.2,-0.36696029703974115,137.62212498113513
10k-50seg-20L,AccQ,63,2026,UAff-F1,0.2,-0.08614918664288954,137.01566215604544
10k-50seg-20L,AccQ,63,2027,UAff-F1,0.2,-0.17963930897020122,140.3261418454349
10k-50seg-20L,AccQ,63,2025,UAff-F1,0.3,-0.2968733724950137,139.5808649249375
10k-50seg-20L,AccQ,63,2026,UAff-F1,0.3,0.006436425360840372,137.55070278421044
10k-50seg-20L,AccQ,63,2027,UAff-F1,0.3,-0.1344227005232782,138.93216103315353
10k-50seg-20L,AccQ,63,2025,UAff-F1,0.4,-0.254943403156398,139.1558931209147
10k-50seg-20L,AccQ,63,2026,UAff-F1,0.4,0.07027567869849921,138.05942493490875
10k-50seg-20L,AccQ,63,2027,UAff-F1,0.4,-0.07580965843315743,139.73878999240696
10k-50seg-20L,AccQ,63,2025,UAff-F1,0.5,-0.16002208682029498,139.3303929362446
10k-50seg-20L,AccQ,63,2026,UAff-F1,0.5,0.08581508257848175,138.13358382321894
10k-50seg-20L,AccQ,63,2027,UAff-F1,0.5,0.04478903649380572,139.5901299547404
10k-50seg-20L,AccQ,63,2025,UAff-F1,0.6,-0.06192708180445804,139.03345214203
10k-50seg-20L,AccQ,63,2026,UAff-F1,0.6,0.21357518509925935,137.2754091862589
10k-50seg-20L,AccQ,63,2027,UAff-F1,0.6,0.17785187573584282,140.01665986143053
10k-50seg-20L,AccQ,63,2025,UAff-F1,0.7,0.0920438872766377,138.8655179180205
10k-50seg-20L,AccQ,63,2026,UAff-F1,0.7,0.31244559456027604,138.5673121549189
10k-50seg-20L,AccQ,63,2027,UAff-F1,0.7,0.28876637068796446,139.8688538465649
10k-50seg-20L,AccQ,63,2025,UAff-F1,0.8,0.19019935931524706,137.41084514185786
10k-50seg-20L,AccQ,63,2026,UAff-F1,0.8,0.4141192368912555,138.1813851185143
10k-50seg-20L,AccQ,63,2027,UAff-F1,0.8,0.44334682744549336,138.90026905573905
10k-50seg-20L,AccQ,63,2025,UAff-F1,0.9,0.5210752782822862,135.60402998700738
10k-50seg-20L,AccQ,63,2026,UAff-F1,0.9,0.6142866224388428,137.49673520214856
10k-50seg-20L,AccQ,63,2027,UAff-F1,0.9,0.5932947198080558,137.67426321282983
10k-50seg-20L,AccQ,63,2025,UAff-F1,1.0,0.9979860326772639,120.01752411015332
10k-50seg-20L,AccQ,63,2026,UAff-F1,1.0,0.9977428445572888,119.93224918842316
10k-50seg-20L,AccQ,63,2027,UAff-F1,1.0,0.9975664938244546,120.40680996142328
10k-5seg-20H,AccQ,64,2025,UAff-F1,0.1,-0.10124058617010329,69.635498104617
10k-5seg-20H,AccQ,64,2026,UAff-F1,0.1,0.06912822817675715,70.12706203386188
10k-5seg-20H,AccQ,64,2027,UAff-F1,0.1,-0.1073911856528867,69.5465519092977
10k-5seg-20H,AccQ,64,2025,UAff-F1,0.2,-0.1334800538090936,70.12324989773333
10k-5seg-20H,AccQ,64,2026,UAff-F1,0.2,0.02937053360102952,70.49790094606578
10k-5seg-20H,AccQ,64,2027,UAff-F1,0.2,-0.11696359613686165,70.68746001459658
10k-5seg-20H,AccQ,64,2025,UAff-F1,0.3,-0.10687283187070391,69.49390796944499
10k-5seg-20H,AccQ,64,2026,UAff-F1,0.3,0.027721323532650412,69.36676590703428
10k-5seg-20H,AccQ,64,2027,UAff-F1,0.3,-0.03013672951206605,69.89838904701173
10k-5seg-20H,AccQ,64,2025,UAff-F1,0.4,-0.07710017981127608,69.88677592016757
10k-5seg-20H,AccQ,64,2026,UAff-F1,0.4,-0.0005292563432765599,69.69628599472344
10k-5seg-20H,AccQ,64,2027,UAff-F1,0.4,0.009657426465431745,69.81687596999109
10k-5seg-20H,AccQ,64,2025,UAff-F1,0.5,-0.05895063357191244,70.1293800957501
10k-5seg-20H,AccQ,64,2026,UAff-F1,0.5,-0.06633734268811026,70.03403687849641
10k-5seg-20H,AccQ,64,2027,UAff-F1,0.5,0.04951649199333872,70.5257011577487
10k-5seg-20H,AccQ,64,2025,UAff-F1,0.6,0.0005434743245673349,70.03179611638188
10k-5seg-20H,AccQ,64,2026,UAff-F1,0.6,-0.09416264841225888,69.77970502339303
10k-5seg-20H,AccQ,64,2027,UAff-F1,0.6,0.07965626514746654,70.0157880783081
10k-5seg-20H,AccQ,64,2025,UAff-F1,0.7,0.11179293304186232,69.9609040748328
10k-5seg-20H,AccQ,64,2026,UAff-F1,0.7,-0.038281952127803796,69.93811205029488
10k-5seg-20H,AccQ,64,2027,UAff-F1,0.7,0.13206311833763132,69.89417900331318
10k-5seg-20H,AccQ,64,2025,UAff-F1,0.8,0.234987465618836,69.45547508075833
10k-5seg-20H,AccQ,64,2026,UAff-F1,0.8,0.06461730536793127,70.58282289654016
10k-5seg-20H,AccQ,64,2027,UAff-F1,0.8,0.12267700103453662,70.51704218611121
10k-5seg-20H,AccQ,64,2025,UAff-F1,0.9,0.33788174433746787,69.65918396599591
10k-5seg-20H,AccQ,64,2026,UAff-F1,0.9,0.2592981700601272,69.54959104768932
10k-5seg-20H,AccQ,64,2027,UAff-F1,0.9,0.22328957806375035,69.86958999186754
10k-5seg-20H,AccQ,64,2025,UAff-F1,1.0,0.4789110596814712,67.58045917376876
10k-5seg-20H,AccQ,64,2026,UAff-F1,1.0,0.5352920400608404,66.78671413101256
10k-5seg-20H,AccQ,64,2027,UAff-F1,1.0,0.4750112716148508,67.06949416548014
10k-50seg-20H,AccQ,65,2025,UAff-F1,0.1,-0.1951352260096454,135.4527270887047
10k-50seg-20H,AccQ,65,2026,UAff-F1,0.1,-0.22801139845634297,136.10989809967577
10k-50seg-20H,AccQ,65,2027,UAff-F1,0.1,-0.2407762989709094,135.65967488102615
10k-50seg-20H,AccQ,65,2025,UAff-F1,0.2,-0.16490619316004163,135.53029904142022
10k-50seg-20H,AccQ,65,2026,UAff-F1,0.2,-0.14747137866798027,136.27188093960285
10k-50seg-20H,AccQ,65,2027,UAff-F1,0.2,-0.18615611118180125,136.23831397853792
10k-50seg-20H,AccQ,65,2025,UAff-F1,0.3,-0.024289803127603492,135.50184993073344
10k-50seg-20H,AccQ,65,2026,UAff-F1,0.3,-0.07840761405189886,136.5761950146407
10k-50seg-20H,AccQ,65,2027,UAff-F1,0.3,-0.14757609843151356,136.27687585540116
10k-50seg-20H,AccQ,65,2025,UAff-F1,0.4,0.05074242094214374,136.62055600434542
10k-50seg-20H,AccQ,65,2026,UAff-F1,0.4,0.06532426530935817,137.84022419713438
10k-50seg-20H,AccQ,65,2027,UAff-F1,0.4,-0.04597790876771224,136.36374194175005
10k-50seg-20H,AccQ,65,2025,UAff-F1,0.5,0.13733235754668677,137.14599888771772
10k-50seg-20H,AccQ,65,2026,UAff-F1,0.5,0.13661898591330837,137.96977093443274
10k-50seg-20H,AccQ,65,2027,UAff-F1,0.5,0.1190421859379473,136.78124290890992
10k-50seg-20H,AccQ,65,2025,UAff-F1,0.6,0.2544762904842307,136.36526698246598
10k-50seg-20H,AccQ,65,2026,UAff-F1,0.6,0.25841774125433825,136.45639806054533
10k-50seg-20H,AccQ,65,2027,UAff-F1,0.6,0.11890649312578877,137.24604598246515
10k-50seg-20H,AccQ,65,2025,UAff-F1,0.7,0.38474390767674865,137.1076290961355
10k-50seg-20H,AccQ,65,2026,UAff-F1,0.7,0.4019654429480884,137.40512705408037
10k-50seg-20H,AccQ,65,2027,UAff-F1,0.7,0.25115507958255373,137.22177990712225
10k-50seg-20H,AccQ,65,2025,UAff-F1,0.8,0.5330748748304126,135.79684402793646
10k-50seg-20H,AccQ,65,2026,UAff-F1,0.8,0.5156038826916893,136.54201803728938
10k-50seg-20H,AccQ,65,2027,UAff-F1,0.8,0.47838388949921573,135.99374308250844
10k-50seg-20H,AccQ,65,2025,UAff-F1,0.9,0.6866586479696297,134.66374995186925
10k-50seg-20H,AccQ,65,2026,UAff-F1,0.9,0.6799007542105763,135.9461098909378
10k-50seg-20H,AccQ,65,2027,UAff-F1,0.9,0.6300638416597616,134.64829116128385
10k-50seg-20H,AccQ,65,2025,UAff-F1,1.0,0.9861957664741244,122.91310704313219
10k-50seg-20H,AccQ,65,2026,UAff-F1,1.0,0.985626761235263,123.21483506821096
10k-50seg-20H,AccQ,65,2027,UAff-F1,1.0,0.9861752344784943,123.00890102051198
10k-1seg-100L,AccQ,66,2025,UAff-F1,0.1,-0.11702257750911894,62.613934045657516
10k-1seg-100L,AccQ,66,2026,UAff-F1,0.1,-0.05274043111495669,62.4320930801332
10k-1seg-100L,AccQ,66,2027,UAff-F1,0.1,0.007548368058494996,62.95950897037983
10k-1seg-100L,AccQ,66,2025,UAff-F1,0.2,-0.11880740531563391,62.26529902778566
10k-1seg-100L,AccQ,66,2026,UAff-F1,0.2,-0.027735601149879417,62.30900390073657
10k-1seg-100L,AccQ,66,2027,UAff-F1,0.2,-0.026452259314514292,62.85066390410066
10k-1seg-100L,AccQ,66,2025,UAff-F1,0.3,-0.09858717452581654,62.32458306476474
10k-1seg-100L,AccQ,66,2026,UAff-F1,0.3,-0.03719140676569039,62.89917905814946
10k-1seg-100L,AccQ,66,2027,UAff-F1,0.3,-0.04675071257329115,62.910225009545684
10k-1seg-100L,AccQ,66,2025,UAff-F1,0.4,-0.0893839854731534,62.39649513736367
10k-1seg-100L,AccQ,66,2026,UAff-F1,0.4,-0.06669378293911302,63.144112937152386
10k-1seg-100L,AccQ,66,2027,UAff-F1,0.4,0.014847438848938107,62.715471955016255
10k-1seg-100L,AccQ,66,2025,UAff-F1,0.5,-0.05025233900542234,63.05219605565071
10k-1seg-100L,AccQ,66,2026,UAff-F1,0.5,-0.04052625019638554,62.751463847234845
10k-1seg-100L,AccQ,66,2027,UAff-F1,0.5,0.01324244625893432,62.67541600391269
10k-1seg-100L,AccQ,66,2025,UAff-F1,0.6,-0.05426166451985701,62.715030973777175
10k-1seg-100L,AccQ,66,2026,UAff-F1,0.6,-0.0522290590477352,62.68078298307955
10k-1seg-100L,AccQ,66,2027,UAff-F1,0.6,0.00937103966323095,63.234891975298524
10k-1seg-100L,AccQ,66,2025,UAff-F1,0.7,0.0007656392041396428,62.69539101049304
10k-1seg-100L,AccQ,66,2026,UAff-F1,0.7,0.007923784600445622,62.58003297261894
10k-1seg-100L,AccQ,66,2027,UAff-F1,0.7,-0.008891230443140828,63.16069094464183
10k-1seg-100L,AccQ,66,2025,UAff-F1,0.8,0.009396641654020845,62.460599932819605
10k-1seg-100L,AccQ,66,2026,UAff-F1,0.8,-0.0044833262627587914,62.72059492766857
10k-1seg-100L,AccQ,66,2027,UAff-F1,0.8,0.04462064535941969,63.00816615112126
10k-1seg-100L,AccQ,66,2025,UAff-F1,0.9,0.1402419233867709,62.26514419540763
10k-1seg-100L,AccQ,66,2026,UAff-F1,0.9,0.06989948806905343,62.71029799245298
10k-1seg-100L,AccQ,66,2027,UAff-F1,0.9,0.12179131345149487,62.61768704280257
10k-1seg-100L,AccQ,66,2025,UAff-F1,1.0,0.25457096963749754,61.66726187802851
10k-1seg-100L,AccQ,66,2026,UAff-F1,1.0,0.3123049178463351,61.52293388731778
10k-1seg-100L,AccQ,66,2027,UAff-F1,1.0,0.26250181964850317,61.56936893239617
10k-10seg-100L,AccQ,67,2025,UAff-F1,0.1,-0.4473194949631072,74.0423440001905
10k-10seg-100L,AccQ,67,2026,UAff-F1,0.1,-0.15424393858246938,73.82010901346803
10k-10seg-100L,AccQ,67,2027,UAff-F1,0.1,-0.19481601465063336,73.7247799988836
10k-10seg-100L,AccQ,67,2025,UAff-F1,0.2,-0.3669681731219797,73.89454916119576
10k-10seg-100L,AccQ,67,2026,UAff-F1,0.2,-0.0746030009096058,73.78634321503341
10k-10seg-100L,AccQ,67,2027,UAff-F1,0.2,-0.13053209667266769,73.57514416798949
10k-10seg-100L,AccQ,67,2025,UAff-F1,0.3,-0.30593841184656556,74.00523615069687
10k-10seg-100L,AccQ,67,2026,UAff-F1,0.3,-0.012997514131104079,74.18595813214779
10k-10seg-100L,AccQ,67,2027,UAff-F1,0.3,-0.17314525404625578,74.04988398775458
10k-10seg-100L,AccQ,67,2025,UAff-F1,0.4,-0.25683298831707757,74.34728904627264
10k-10seg-100L,AccQ,67,2026,UAff-F1,0.4,0.08748715254108051,74.53975710086524
10k-10seg-100L,AccQ,67,2027,UAff-F1,0.4,-0.03487426602971261,74.03472391888499
10k-10seg-100L,AccQ,67,2025,UAff-F1,0.5,-0.1351507423419608,74.18148405849934
10k-10seg-100L,AccQ,67,2026,UAff-F1,0.5,0.1322033161992554,74.34180611744523
10k-10seg-100L,AccQ,67,2027,UAff-F1,0.5,0.14826521667125753,74.20099712908268
10k-10seg-100L,AccQ,67,2025,UAff-F1,0.6,-0.09032229033649834,74.22557403333485
10k-10seg-100L,AccQ,67,2026,UAff-F1,0.6,0.28290633022336675,74.29672521539032
10k-10seg-100L,AccQ,67,2027,UAff-F1,0.6,0.25532258283232506,74.0583969745785
10k-10seg-100L,AccQ,67,2025,UAff-F1,0.7,0.11364156476874648,74.51334316283464
10k-10seg-100L,AccQ,67,2026,UAff-F1,0.7,0.4216148989573772,74.35726304538548
10k-10seg-100L,AccQ,67,2027,UAff-F1,0.7,0.37899315236812103,74.41404601559043
10k-10seg-100L,AccQ,67,2025,UAff-F1,0.8,0.33687783001276206,74.97133617289364
10k-10seg-100L,AccQ,67,2026,UAff-F1,0.8,0.530653619194168,74.60480998270214
10k-10seg-100L,AccQ,67,2027,UAff-F1,0.8,0.5139805756998116,75.17536194063723
10k-10seg-100L,AccQ,67,2025,UAff-F1,0.9,0.5897853436217646,73.86988098733127
10k-10seg-100L,AccQ,67,2026,UAff-F1,0.9,0.6889980899788547,75.02017798833549
10k-10seg-100L,AccQ,67,2027,UAff-F1,0.9,0.6275068462147988,74.39206005074084
10k-10seg-100L,AccQ,67,2025,UAff-F1,1.0,0.9993909586586415,70.93151705339551
10k-10seg-100L,AccQ,67,2026,UAff-F1,1.0,0.9995429977866399,70.86967094801366
10k-10seg-100L,AccQ,67,2027,UAff-F1,1.0,0.9995721672314802,71.34707178920507
10k-1seg-100H,AccQ,68,2025,UAff-F1,0.1,-0.09631714379041247,62.87946179509163
10k-1seg-100H,AccQ,68,2026,UAff-F1,0.1,-0.10293341407364977,62.912931898608804
10k-1seg-100H,AccQ,68,2027,UAff-F1,0.1,-0.020852398480775757,62.95998301357031
10k-1seg-100H,AccQ,68,2025,UAff-F1,0.2,-0.10994064622206204,63.128222012892365
10k-1seg-100H,AccQ,68,2026,UAff-F1,0.2,-0.07653495083028306,62.786346999928355
10k-1seg-100H,AccQ,68,2027,UAff-F1,0.2,0.01699475746941559,62.79022200033069
10k-1seg-100H,AccQ,68,2025,UAff-F1,0.3,-0.07504054956612694,62.46185093186796
10k-1seg-100H,AccQ,68,2026,UAff-F1,0.3,-0.06423048955415127,62.76165600866079
10k-1seg-100H,AccQ,68,2027,UAff-F1,0.3,0.01901909707799142,63.09495703317225
10k-1seg-100H,AccQ,68,2025,UAff-F1,0.4,-0.048543665048580854,62.81854002736509
10k-1seg-100H,AccQ,68,2026,UAff-F1,0.4,-0.05937828160242736,62.599183060228825
10k-1seg-100H,AccQ,68,2027,UAff-F1,0.4,0.019884406436174683,62.69525201059878
10k-1seg-100H,AccQ,68,2025,UAff-F1,0.5,-0.03499755265198491,63.21923318319023
10k-1seg-100H,AccQ,68,2026,UAff-F1,0.5,-0.02768347059969224,63.68420901708305
10k-1seg-100H,AccQ,68,2027,UAff-F1,0.5,0.02260186171963834,64.03762893751264
10k-1seg-100H,AccQ,68,2025,UAff-F1,0.6,-0.0005873027633405544,63.33298608660698
10k-1seg-100H,AccQ,68,2026,UAff-F1,0.6,-0.021855020208392247,63.70802107267082
10k-1seg-100H,AccQ,68,2027,UAff-F1,0.6,0.029283864462559765,63.57042910531163
10k-1seg-100H,AccQ,68,2025,UAff-F1,0.7,0.01923331097064263,63.35402303375304
10k-1seg-100H,AccQ,68,2026,UAff-F1,0.7,0.06428709783877141,63.934332923963666
10k-1seg-100H,AccQ,68,2027,UAff-F1,0.7,0.05651605668877996,64.09530993551016
10k-1seg-100H,AccQ,68,2025,UAff-F1,0.8,0.010408508391805082,63.148251036182046
10k-1seg-100H,AccQ,68,2026,UAff-F1,0.8,0.07415151438590037,63.45302006229758
10k-1seg-100H,AccQ,68,2027,UAff-F1,0.8,0.17856002724645012,64.08331799320877
10k-1seg-100H,AccQ,68,2025,UAff-F1,0.9,0.13130108889001404,63.51663591340184
10k-1seg-100H,AccQ,68,2026,UAff-F1,0.9,0.12331868306010992,63.2503239903599
10k-1seg-100H,AccQ,68,2027,UAff-F1,0.9,0.2686907869822697,64.29655500687659
10k-1seg-100H,AccQ,68,2025,UAff-F1,1.0,0.46544310101175684,61.14344880916178
10k-1seg-100H,AccQ,68,2026,UAff-F1,1.0,0.5144414487634453,61.65502802468836
10k-1seg-100H,AccQ,68,2027,UAff-F1,1.0,0.49067351307691204,61.37856584973633
10k-10seg-100H,AccQ,69,2025,UAff-F1,0.1,-0.22058190930525257,79.7392230015248
10k-10seg-100H,AccQ,69,2026,UAff-F1,0.1,-0.23061491639577658,79.25221999175847
10k-10seg-100H,AccQ,69,2027,UAff-F1,0.1,-0.21333833954817047,79.35176091268659
10k-10seg-100H,AccQ,69,2025,UAff-F1,0.2,-0.19951300820943352,80.15462383627892
10k-10seg-100H,AccQ,69,2026,UAff-F1,0.2,-0.22040400267715013,82.21026510000229
10k-10seg-100H,AccQ,69,2027,UAff-F1,0.2,-0.17370957540118323,78.84417893365026
10k-10seg-100H,AccQ,69,2025,UAff-F1,0.3,-0.15299023395893133,79.10397788509727
10k-10seg-100H,AccQ,69,2026,UAff-F1,0.3,-0.13297667935702628,80.37660410627723
10k-10seg-100H,AccQ,69,2027,UAff-F1,0.3,-0.1421665806280136,79.33040498755872
10k-10seg-100H,AccQ,69,2025,UAff-F1,0.4,-0.17495809781611213,79.66019702143967
10k-10seg-100H,AccQ,69,2026,UAff-F1,0.4,-0.12022700237906205,78.62963387742639
10k-10seg-100H,AccQ,69,2027,UAff-F1,0.4,-0.08519337802337514,79.22595902346075
10k-10seg-100H,AccQ,69,2025,UAff-F1,0.5,-0.09878253119215433,79.35612089931965
10k-10seg-100H,AccQ,69,2026,UAff-F1,0.5,-0.09620433040242558,79.22119298018515
10k-10seg-100H,AccQ,69,2027,UAff-F1,0.5,-0.009584342619582745,79.50461492873728
10k-10seg-100H,AccQ,69,2025,UAff-F1,0.6,0.06575413458779322,78.67060392163694
10k-10seg-100H,AccQ,69,2026,UAff-F1,0.6,0.053608301923630114,78.98213597945869
10k-10seg-100H,AccQ,69,2027,UAff-F1,0.6,0.08572729073264825,78.78171792253852
10k-10seg-100H,AccQ,69,2025,UAff-F1,0.7,0.2326561270159678,79.86980909481645
10k-10seg-100H,AccQ,69,2026,UAff-F1,0.7,0.18517452315540298,79.5002169907093
10k-10seg-100H,AccQ,69,2027,UAff-F1,0.7,0.1853772687381933,79.23842896707356
10k-10seg-100H,AccQ,69,2025,UAff-F1,0.8,0.4118222470317847,78.87738384306431
10k-10seg-100H,AccQ,69,2026,UAff-F1,0.8,0.3513919093238963,79.30056378245354
10k-10seg-100H,AccQ,69,2027,UAff-F1,0.8,0.348894279913912,79.73663392476737
10k-10seg-100H,AccQ,69,2025,UAff-F1,0.9,0.6030049521349106,78.97436199709773
10k-10seg-100H,AccQ,69,2026,UAff-F1,0.9,0.5195278443209334,78.42399412766099
10k-10seg-100H,AccQ,69,2027,UAff-F1,0.9,0.5283421290381998,78.74444290064275
10k-10seg-100H,AccQ,69,2025,UAff-F1,1.0,0.9997822610895692,72.74025399237871
10k-10seg-100H,AccQ,69,2026,UAff-F1,1.0,0.9997745708602025,72.44628015905619
10k-10seg-100H,AccQ,69,2027,UAff-F1,1.0,0.9997225697721981,72.24442507140338
10k-2seg-500L,AccQ,70,2025,UAff-F1,0.1,-0.25480139431471543,65.45741320587695
10k-2seg-500L,AccQ,70,2026,UAff-F1,0.1,-0.14268168574043533,65.6571201980114
10k-2seg-500L,AccQ,70,2027,UAff-F1,0.1,-0.18849144996501324,65.01623895019293
10k-2seg-500L,AccQ,70,2025,UAff-F1,0.2,-0.21814421469467943,65.19069196656346
10k-2seg-500L,AccQ,70,2026,UAff-F1,0.2,-0.1394908345666279,65.339868189767
10k-2seg-500L,AccQ,70,2027,UAff-F1,0.2,-0.11668291793257306,65.78770000487566
10k-2seg-500L,AccQ,70,2025,UAff-F1,0.3,-0.14592133640962826,65.87289995513856
10k-2seg-500L,AccQ,70,2026,UAff-F1,0.3,-0.07062505636313914,66.0037558991462
10k-2seg-500L,AccQ,70,2027,UAff-F1,0.3,-0.12265657346592827,65.57373399846256
10k-2seg-500L,AccQ,70,2025,UAff-F1,0.4,-0.09427366089576014,65.8419739920646
10k-2seg-500L,AccQ,70,2026,UAff-F1,0.4,-0.0025753855019798205,65.50319097004831
10k-2seg-500L,AccQ,70,2027,UAff-F1,0.4,-0.06726977310624545,65.96702290698886
10k-2seg-500L,AccQ,70,2025,UAff-F1,0.5,-0.014493856661910545,65.95083605498075
10k-2seg-500L,AccQ,70,2026,UAff-F1,0.5,0.054152675375866675,66.07700395397842
10k-2seg-500L,AccQ,70,2027,UAff-F1,0.5,0.013631958373051568,65.5756969936192
10k-2seg-500L,AccQ,70,2025,UAff-F1,0.6,0.08521310297762734,65.85287395864725
10k-2seg-500L,AccQ,70,2026,UAff-F1,0.6,0.15170430671334573,65.87146199308336
10k-2seg-500L,AccQ,70,2027,UAff-F1,0.6,0.09852267143460317,66.3192830979824
10k-2seg-500L,AccQ,70,2025,UAff-F1,0.7,0.1957227692591914,66.50548009201884
10k-2seg-500L,AccQ,70,2026,UAff-F1,0.7,0.28400018032980584,66.2180120125413
10k-2seg-500L,AccQ,70,2027,UAff-F1,0.7,0.22395376391338312,65.85382297635078
10k-2seg-500L,AccQ,70,2025,UAff-F1,0.8,0.33774076543030085,66.42942712642252
10k-2seg-500L,AccQ,70,2026,UAff-F1,0.8,0.4192696187210851,66.55655102804303
10k-2seg-500L,AccQ,70,2027,UAff-F1,0.8,0.44836967960855545,66.51102099567652
10k-2seg-500L,AccQ,70,2025,UAff-F1,0.9,0.5872481328620838,66.5986470412463
10k-2seg-500L,AccQ,70,2026,UAff-F1,0.9,0.6178102164992411,66.20762194506824
10k-2seg-500L,AccQ,70,2027,UAff-F1,0.9,0.6092767508621394,66.42781500704587
10k-2seg-500L,AccQ,70,2025,UAff-F1,1.0,0.9999341079525678,63.510827952995896
10k-2seg-500L,AccQ,70,2026,UAff-F1,1.0,0.9999369603270929,63.87220392934978
10k-2seg-500L,AccQ,70,2027,UAff-F1,1.0,0.9999384472098811,63.41629894450307
10k-2seg-500H,AccQ,71,2025,UAff-F1,0.1,-0.33735453523369413,66.04420719668269
10k-2seg-500H,AccQ,71,2026,UAff-F1,0.1,-0.2706499804761952,66.38639885932207
10k-2seg-500H,AccQ,71,2027,UAff-F1,0.1,-0.3128029609230728,66.14825478754938
10k-2seg-500H,AccQ,71,2025,UAff-F1,0.2,-0.29215453316850604,65.88431494310498
10k-2seg-500H,AccQ,71,2026,UAff-F1,0.2,-0.219488669580021,66.16393616423011
10k-2seg-500H,AccQ,71,2027,UAff-F1,0.2,-0.23332662757971587,65.92210382223129
10k-2seg-500H,AccQ,71,2025,UAff-F1,0.3,-0.18829468099733784,66.4507148321718
10k-2seg-500H,AccQ,71,2026,UAff-F1,0.3,-0.09335719211505647,66.52276311069727
10k-2seg-500H,AccQ,71,2027,UAff-F1,0.3,-0.17107190503637343,66.07575109228492
10k-2seg-500H,AccQ,71,2025,UAff-F1,0.4,-0.09082946507315279,66.40096311457455
10k-2seg-500H,AccQ,71,2026,UAff-F1,0.4,-0.006740058991741286,66.35648990049958
10k-2seg-500H,AccQ,71,2027,UAff-F1,0.4,-0.09417815768415325,66.7233259882778
10k-2seg-500H,AccQ,71,2025,UAff-F1,0.5,0.01360995477154313,66.93870411254466
10k-2seg-500H,AccQ,71,2026,UAff-F1,0.5,0.10549677151711245,67.07386998459697
10k-2seg-500H,AccQ,71,2027,UAff-F1,0.5,0.025888148193038096,66.18531583808362
10k-2seg-500H,AccQ,71,2025,UAff-F1,0.6,0.13269827205788282,66.70152489095926
10k-2seg-500H,AccQ,71,2026,UAff-F1,0.6,0.2151335783848105,66.42254302278161
10k-2seg-500H,AccQ,71,2027,UAff-F1,0.6,0.1373953873831079,66.88436889089644
10k-2seg-500H,AccQ,71,2025,UAff-F1,0.7,0.2672853935781522,66.73229392617941
10k-2seg-500H,AccQ,71,2026,UAff-F1,0.7,0.36852310273727135,66.98287790641189
10k-2seg-500H,AccQ,71,2027,UAff-F1,0.7,0.28888397252948966,66.85985997319221
10k-2seg-500H,AccQ,71,2025,UAff-F1,0.8,0.4458405786815391,66.80151983164251
10k-2seg-500H,AccQ,71,2026,UAff-F1,0.8,0.5264565876634367,67.22138309851289
10k-2seg-500H,AccQ,71,2027,UAff-F1,0.8,0.5283908365251581,67.68428185023367
10k-2seg-500H,AccQ,71,2025,UAff-F1,0.9,0.690268603903197,67.25106621161103
10k-2seg-500H,AccQ,71,2026,UAff-F1,0.9,0.7258317068945495,67.43539590388536
10k-2seg-500H,AccQ,71,2027,UAff-F1,0.9,0.7173176866762573,67.65763508155942
10k-2seg-500H,AccQ,71,2025,UAff-F1,1.0,0.9998165792831578,66.7362071108073
10k-2seg-500H,AccQ,71,2026,UAff-F1,1.0,0.9998010354743576,65.90589694678783
10k-2seg-500H,AccQ,71,2027,UAff-F1,1.0,0.9998228462857992,67.1133731957525
MSL,AccQ,42,2025,UAff-F1,0.1,-0.19148455233718098,1150.8222869597375
MSL,AccQ,42,2026,UAff-F1,0.1,-0.26704019850613364,1143.5863350052387
MSL,AccQ,42,2027,UAff-F1,0.1,-0.20962305627774844,1144.0039919689298
MSL,AccQ,42,2025,UAff-F1,0.2,-0.13686119450718556,1148.1970329768956
MSL,AccQ,42,2026,UAff-F1,0.2,-0.2256811985332452,1142.6304779015481
MSL,AccQ,42,2027,UAff-F1,0.2,-0.17759127969363345,1137.793615926057
MSL,AccQ,42,2025,UAff-F1,0.3,-0.08642734976265293,1146.3727070949972
MSL,AccQ,42,2026,UAff-F1,0.3,-0.18822665861290758,1147.1141979563981
MSL,AccQ,42,2027,UAff-F1,0.3,-0.13107754288580287,1146.1069479119033
MSL,AccQ,42,2025,UAff-F1,0.4,-0.041723424469384415,1147.1270518377423
MSL,AccQ,42,2026,UAff-F1,0.4,-0.15531041513739302,1154.4540249742568
MSL,AccQ,42,2027,UAff-F1,0.4,-0.09148779330444898,1144.6789030451328
MSL,AccQ,42,2025,UAff-F1,0.5,0.021526589337913328,1148.4024529345334
MSL,AccQ,42,2026,UAff-F1,0.5,-0.08156287348373362,1153.941527940333
MSL,AccQ,42,2027,UAff-F1,0.5,-0.014566752631156988,1146.7566268984228
MSL,AccQ,42,2025,UAff-F1,0.6,0.1296051132258701,1147.7253350894898
MSL,AccQ,42,2026,UAff-F1,0.6,0.023294141612075235,1148.159900913015
MSL,AccQ,42,2027,UAff-F1,0.6,0.09587435241875386,1156.4608691260219
MSL,AccQ,42,2025,UAff-F1,0.7,0.2345567168442752,1148.9802978467196
MSL,AccQ,42,2026,UAff-F1,0.7,0.1310447573067099,1148.3758660033345
MSL,AccQ,42,2027,UAff-F1,0.7,0.21301524670399022,1146.9760481268167
MSL,AccQ,42,2025,UAff-F1,0.8,0.3535648074810808,1149.0801628679037
MSL,AccQ,42,2026,UAff-F1,0.8,0.2921843704707859,1142.05240807496
MSL,AccQ,42,2027,UAff-F1,0.8,0.3110448010004626,1146.8515919987112
MSL,AccQ,42,2025,UAff-F1,0.9,0.5564040170412561,1136.2433140166104
MSL,AccQ,42,2026,UAff-F1,0.9,0.5377170731806404,1133.6047011427581
MSL,AccQ,42,2027,UAff-F1,0.9,0.5167812739466588,1139.7603009827435
MSL,AccQ,42,2025,UAff-F1,1.0,0.9996967368023124,1058.9087889529765
MSL,AccQ,42,2026,UAff-F1,1.0,0.9997007956095254,1063.7185780797154
MSL,AccQ,42,2027,UAff-F1,1.0,0.9997383940123925,1063.6045241262764
SMD-1-1,AccQ,42,2025,UAff-F1,0.1,-0.34896999644429466,361.1080199480057
SMD-1-1,AccQ,42,2026,UAff-F1,0.1,-0.4254738098966189,360.4687980841845
SMD-1-1,AccQ,42,2027,UAff-F1,0.1,-0.3741606803132837,360.589690040797
SMD-1-1,AccQ,42,2025,UAff-F1,0.2,-0.29556021156962586,362.34001512639225
SMD-1-1,AccQ,42,2026,UAff-F1,0.2,-0.368384722396441,361.5106239449233
SMD-1-1,AccQ,42,2027,UAff-F1,0.2,-0.3050067660572214,359.5056941267103
SMD-1-1,AccQ,42,2025,UAff-F1,0.3,-0.17642512723040957,361.51814088225365
SMD-1-1,AccQ,42,2026,UAff-F1,0.3,-0.26227607433679784,361.7245629429817
SMD-1-1,AccQ,42,2027,UAff-F1,0.3,-0.23567311615431558,361.11269798129797
SMD-1-1,AccQ,42,2025,UAff-F1,0.4,-0.07956997043130994,363.2128231693059
SMD-1-1,AccQ,42,2026,UAff-F1,0.4,-0.1915638133078319,360.8298560138792
SMD-1-1,AccQ,42,2027,UAff-F1,0.4,-0.15674076625105848,361.55341705307364
SMD-1-1,AccQ,42,2025,UAff-F1,0.5,0.02153918130479193,362.97313892282546
SMD-1-1,AccQ,42,2026,UAff-F1,0.5,-0.0702939763261918,362.08204505965114
SMD-1-1,AccQ,42,2027,UAff-F1,0.5,-0.021219679070719075,361.7872199974954
SMD-1-1,AccQ,42,2025,UAff-F1,0.6,0.13502358997541444,362.32018610462546
SMD-1-1,AccQ,42,2026,UAff-F1,0.6,0.033658085832790736,361.78707983344793
SMD-1-1,AccQ,42,2027,UAff-F1,0.6,0.1546127039927791,361.69997602701187
SMD-1-1,AccQ,42,2025,UAff-F1,0.7,0.2706931370901856,360.8518748078495
SMD-1-1,AccQ,42,2026,UAff-F1,0.7,0.18433032643073854,361.3690249621868
SMD-1-1,AccQ,42,2027,UAff-F1,0.7,0.26631031324804555,360.68763583898544
SMD-1-1,AccQ,42,2025,UAff-F1,0.8,0.3847575212324262,362.169369822368
SMD-1-1,AccQ,42,2026,UAff-F1,0.8,0.33046670072361745,363.85361198335886
SMD-1-1,AccQ,42,2027,UAff-F1,0.8,0.3939364120061397,361.50514311157167
SMD-1-1,AccQ,42,2025,UAff-F1,0.9,0.5282187693390153,362.10741312243044
SMD-1-1,AccQ,42,2026,UAff-F1,0.9,0.5420909114558519,362.1114231646061
SMD-1-1,AccQ,42,2027,UAff-F1,0.9,0.5179071653966507,360.28474592603743
SMD-1-1,AccQ,42,2025,UAff-F1,1.0,0.933165760500309,350.5565000232309
SMD-1-1,AccQ,42,2026,UAff-F1,1.0,0.999869029918533,350.3354589920491
SMD-1-1,AccQ,42,2027,UAff-F1,1.0,0.933156414927905,350.15393211506307
SMD-2-1,AccQ,42,2025,UAff-F1,0.1,-0.18321849557005396,319.00304718874395
SMD-2-1,AccQ,42,2026,UAff-F1,0.1,-0.13475115275544836,318.104068050161
SMD-2-1,AccQ,42,2027,UAff-F1,0.1,-0.08999727898727515,318.56185011565685
SMD-2-1,AccQ,42,2025,UAff-F1,0.2,-0.16095795176680508,317.36418907530606
SMD-2-1,AccQ,42,2026,UAff-F1,0.2,-0.09841247183182365,320.09293185546994
SMD-2-1,AccQ,42,2027,UAff-F1,0.2,-0.10099979754651568,317.21363915130496
SMD-2-1,AccQ,42,2025,UAff-F1,0.3,-0.12959347413186575,318.2657139841467
SMD-2-1,AccQ,42,2026,UAff-F1,0.3,-0.045997983870989786,319.21433191746473
SMD-2-1,AccQ,42,2027,UAff-F1,0.3,-0.09610708235376086,317.95659800991416
SMD-2-1,AccQ,42,2025,UAff-F1,0.4,-0.08476233252569057,318.95652902312577
SMD-2-1,AccQ,42,2026,UAff-F1,0.4,-0.02115393282188462,319.5502641610801
SMD-2-1,AccQ,42,2027,UAff-F1,0.4,-0.09482159830737656,316.93963799625635
SMD-2-1,AccQ,42,2025,UAff-F1,0.5,-0.07928962114559493,318.9432641956955
SMD-2-1,AccQ,42,2026,UAff-F1,0.5,-0.025581731363542082,317.6698649767786
SMD-2-1,AccQ,42,2027,UAff-F1,0.5,-0.06228031934237435,318.2323288638145
SMD-2-1,AccQ,42,2025,UAff-F1,0.6,-0.029942402168102063,319.0710339695215
SMD-2-1,AccQ,42,2026,UAff-F1,0.6,0.012736564076986428,317.819006042555
SMD-2-1,AccQ,42,2027,UAff-F1,0.6,-0.02422133484203047,317.89761409163475
SMD-2-1,AccQ,42,2025,UAff-F1,0.7,0.0696388195409612,318.3115730062127
SMD-2-1,AccQ,42,2026,UAff-F1,0.7,0.12076820378657961,317.9571768268943
SMD-2-1,AccQ,42,2027,UAff-F1,0.7,0.05670193442859187,317.68859596922994
SMD-2-1,AccQ,42,2025,UAff-F1,0.8,0.1996020420785167,318.5690410900861
SMD-2-1,AccQ,42,2026,UAff-F1,0.8,0.25202948138003756,319.2319329828024
SMD-2-1,AccQ,42,2027,UAff-F1,0.8,0.21503523097496005,318.9675968606025
SMD-2-1,AccQ,42,2025,UAff-F1,0.9,0.364995800241692,318.48384416662157
SMD-2-1,AccQ,42,2026,UAff-F1,0.9,0.404993959769883,318.33463604561985
SMD-2-1,AccQ,42,2027,UAff-F1,0.9,0.40302029116272603,317.5089799333364
SMD-2-1,AccQ,42,2025,UAff-F1,1.0,0.9839549116111954,285.25888500735164
SMD-2-1,AccQ,42,2026,UAff-F1,1.0,0.9711004181728965,287.00770111754537
SMD-2-1,AccQ,42,2027,UAff-F1,1.0,0.9725311973940225,286.6561789996922
SMD-3-1,AccQ,42,2025,UAff-F1,0.1,-0.10009844180409892,346.5424731839448
SMD-3-1,AccQ,42,2026,UAff-F1,0.1,-0.030531022129859593,344.0551480744034
SMD-3-1,AccQ,42,2027,UAff-F1,0.1,0.020204917455421228,346.4215719141066
SMD-3-1,AccQ,42,2025,UAff-F1,0.2,-0.06326864100626188,344.24894489347935
SMD-3-1,AccQ,42,2026,UAff-F1,0.2,-0.016857535921201677,341.70723613351583
SMD-3-1,AccQ,42,2027,UAff-F1,0.2,0.026946836293031726,342.95608405955136
SMD-3-1,AccQ,42,2025,UAff-F1,0.3,-0.03239056104220329,345.1522069517523
SMD-3-1,AccQ,42,2026,UAff-F1,0.3,-0.023669710291244945,344.7051669936627
SMD-3-1,AccQ,42,2027,UAff-F1,0.3,0.05096188014532646,342.807776061818
SMD-3-1,AccQ,42,2025,UAff-F1,0.4,-0.01249590894505573,343.8627051655203
SMD-3-1,AccQ,42,2026,UAff-F1,0.4,-0.03191945906428771,342.2639169730246
SMD-3-1,AccQ,42,2027,UAff-F1,0.4,0.08181284755047273,343.7070020008832
SMD-3-1,AccQ,42,2025,UAff-F1,0.5,0.04878100301572683,342.3505329992622
SMD-3-1,AccQ,42,2026,UAff-F1,0.5,-0.020375029891089677,342.29050297290087
SMD-3-1,AccQ,42,2027,UAff-F1,0.5,0.09778323783924149,343.6489689629525
SMD-3-1,AccQ,42,2025,UAff-F1,0.6,0.05131020593359127,344.2908290307969
SMD-3-1,AccQ,42,2026,UAff-F1,0.6,-0.0146793156380751,341.0783710423857
SMD-3-1,AccQ,42,2027,UAff-F1,0.6,0.12267515000613191,342.9129780270159
SMD-3-1,AccQ,42,2025,UAff-F1,0.7,0.04432506127195322,343.82027317769825
SMD-3-1,AccQ,42,2026,UAff-F1,0.7,-0.015905684777510934,341.40977589413524
SMD-3-1,AccQ,42,2027,UAff-F1,0.7,0.16778050329831135,343.69189804419875
SMD-3-1,AccQ,42,2025,UAff-F1,0.8,0.08153402700207964,343.0083200801164
SMD-3-1,AccQ,42,2026,UAff-F1,0.8,0.06562315055968358,343.06451794691384
SMD-3-1,AccQ,42,2027,UAff-F1,0.8,0.18714805005531446,342.7947631571442
SMD-3-1,AccQ,42,2025,UAff-F1,0.9,0.18215315932754264,343.8374490942806
SMD-3-1,AccQ,42,2026,UAff-F1,0.9,0.12302216256386733,343.4679151978344
SMD-3-1,AccQ,42,2027,UAff-F1,0.9,0.19784032383663155,343.38773507624865
SMD-3-1,AccQ,42,2025,UAff-F1,1.0,0.30938106203439514,339.54446599818766
SMD-3-1,AccQ,42,2026,UAff-F1,1.0,0.3595731796990866,337.53462019376457
SMD-3-1,AccQ,42,2027,UAff-F1,1.0,0.3807515597140888,337.730331113562
PSM,AccQ,42,2025,UAff-F1,0.1,-0.22513427393263932,1493.8379868399352
PSM,AccQ,42,2026,UAff-F1,0.1,-0.21824010971856803,1485.7002468779683
PSM,AccQ,42,2027,UAff-F1,0.1,-0.22029149906394355,1500.4907539114356
PSM,AccQ,42,2025,UAff-F1,0.2,-0.17807100701719825,1494.989831931889
PSM,AccQ,42,2026,UAff-F1,0.2,-0.17517934903923255,1496.9888881314546
PSM,AccQ,42,2027,UAff-F1,0.2,-0.17893395035649548,1493.5848091263324
PSM,AccQ,42,2025,UAff-F1,0.3,-0.10081077054100537,1495.025885058567
PSM,AccQ,42,2026,UAff-F1,0.3,-0.1132425230547366,1500.3607659600675
PSM,AccQ,42,2027,UAff-F1,0.3,-0.15101775472296766,1499.3529170751572
PSM,AccQ,42,2025,UAff-F1,0.4,-0.023366931303313958,1506.2933501321822
PSM,AccQ,42,2026,UAff-F1,0.4,-0.04388089752107737,1502.057784004137
PSM,AccQ,42,2027,UAff-F1,0.4,-0.10231567980841406,1503.000965109095
PSM,AccQ,42,2025,UAff-F1,0.5,0.017794542351533355,1521.624414017424
PSM,AccQ,42,2026,UAff-F1,0.5,0.03437987260320524,1511.9267371483147
PSM,AccQ,42,2027,UAff-F1,0.5,-0.04889279989408044,1513.0479549989104
PSM,AccQ,42,2025,UAff-F1,0.6,0.1405489380199851,1523.1350800022483
PSM,AccQ,42,2026,UAff-F1,0.6,0.08865938880318215,1520.677736029029
PSM,AccQ,42,2027,UAff-F1,0.6,0.036044268280366006,1500.234411098063
PSM,AccQ,42,2025,UAff-F1,0.7,0.18084004256470707,1524.8560190666467
PSM,AccQ,42,2026,UAff-F1,0.7,0.18036316539819905,1508.4215698298067
PSM,AccQ,42,2027,UAff-F1,0.7,0.15250482245372188,1506.6640509758145
PSM,AccQ,42,2025,UAff-F1,0.8,0.28032951541009876,1515.3562668710947
PSM,AccQ,42,2026,UAff-F1,0.8,0.27592530685239974,1499.1934371646494
PSM,AccQ,42,2027,UAff-F1,0.8,0.2711448242769068,1504.0997751057148
PSM,AccQ,42,2025,UAff-F1,0.9,0.3844193178798813,1496.1237420793623
PSM,AccQ,42,2026,UAff-F1,0.9,0.4037071496573687,1477.8517629019916
PSM,AccQ,42,2027,UAff-F1,0.9,0.41076174538475985,1497.9177510831505
PSM,AccQ,42,2025,UAff-F1,1.0,0.7846511855002463,1396.4220678899437
PSM,AccQ,42,2026,UAff-F1,1.0,0.7644155593070713,1374.2431008722633
PSM,AccQ,42,2027,UAff-F1,1.0,0.8227754769565788,1405.2306259982288
SWAT,AccQ,42,2025,UAff-F1,0.1,-0.31249486332723814,5199.723203200847
SWAT,AccQ,42,2026,UAff-F1,0.1,-0.33748069701215944,5186.565714888275
SWAT,AccQ,42,2027,UAff-F1,0.1,-0.32797516029318347,5186.736993025988
SWAT,AccQ,42,2025,UAff-F1,0.2,-0.20399814507768063,5212.556385900825
SWAT,AccQ,42,2026,UAff-F1,0.2,-0.27289995230600195,5319.743016036227
SWAT,AccQ,42,2027,UAff-F1,0.2,-0.26087340467076886,5195.594472112134
SWAT,AccQ,42,2025,UAff-F1,0.3,-0.1314601690435958,5202.608156017959
SWAT,AccQ,42,2026,UAff-F1,0.3,-0.1967705033886863,5201.878038002178
SWAT,AccQ,42,2027,UAff-F1,0.3,-0.17855152928157542,5207.31679094024
SWAT,AccQ,42,2025,UAff-F1,0.4,-0.048064005524472125,5205.540366936475
SWAT,AccQ,42,2026,UAff-F1,0.4,-0.11355691649061755,5215.450498042628
SWAT,AccQ,42,2027,UAff-F1,0.4,-0.09601661777792588,5174.136756919324
SWAT,AccQ,42,2025,UAff-F1,0.5,0.05617071547570697,5237.797640962526
SWAT,AccQ,42,2026,UAff-F1,0.5,-0.009812103463028292,5199.160374002531
SWAT,AccQ,42,2027,UAff-F1,0.5,0.00019045936845861022,5202.990357065573
SWAT,AccQ,42,2025,UAff-F1,0.6,0.165146076105636,5207.048257114366
SWAT,AccQ,42,2026,UAff-F1,0.6,0.10095898019492822,5225.312996888533
SWAT,AccQ,42,2027,UAff-F1,0.6,0.10495014013300381,5317.238710122183
SWAT,AccQ,42,2025,UAff-F1,0.7,0.2596260864111535,5278.851188952103
SWAT,AccQ,42,2026,UAff-F1,0.7,0.22560753222196778,5231.682757148519
SWAT,AccQ,42,2027,UAff-F1,0.7,0.21563175274313096,5207.476261071861
SWAT,AccQ,42,2025,UAff-F1,0.8,0.388645447784585,5223.981817020103
SWAT,AccQ,42,2026,UAff-F1,0.8,0.38162159736474316,5208.91496585682
SWAT,AccQ,42,2027,UAff-F1,0.8,0.35652951555963086,5203.432712936774
SWAT,AccQ,42,2025,UAff-F1,0.9,0.5729892007896432,5164.0989009756595
SWAT,AccQ,42,2026,UAff-F1,0.9,0.5712373514729532,5255.312039051205
SWAT,AccQ,42,2027,UAff-F1,0.9,0.5475878601392566,5153.9323180913925
SWAT,AccQ,42,2025,UAff-F1,1.0,0.9997901128063378,4806.814484065399
SWAT,AccQ,42,2026,UAff-F1,1.0,0.999798459550383,4806.963942013681
SWAT,AccQ,42,2027,UAff-F1,1.0,0.9997926896060754,4799.263198161498
NIPS_TS_Creditcard,AccQ,42,2025,UAff-F1,0.1,-0.04296606506422832,21018.85944395326
NIPS_TS_Creditcard,AccQ,42,2026,UAff-F1,0.1,-0.02010737129287852,20844.30579096079
NIPS_TS_Creditcard,AccQ,42,2027,UAff-F1,0.1,-0.02953723280155023,20898.776162881404
NIPS_TS_Creditcard,AccQ,42,2025,UAff-F1,0.2,-0.02812641019353025,20912.88851108402
NIPS_TS_Creditcard,AccQ,42,2026,UAff-F1,0.2,-0.031278444356739835,20749.047486810014
NIPS_TS_Creditcard,AccQ,42,2027,UAff-F1,0.2,-0.020529383613486694,20867.178146960214
NIPS_TS_Creditcard,AccQ,42,2025,UAff-F1,0.3,-0.015727060035621028,20924.955195980147
NIPS_TS_Creditcard,AccQ,42,2026,UAff-F1,0.3,-0.016658112932279638,20768.86883401312
NIPS_TS_Creditcard,AccQ,42,2027,UAff-F1,0.3,-0.026918007679222394,20759.710462065414
NIPS_TS_Creditcard,AccQ,42,2025,UAff-F1,0.4,-0.005163049162560857,20890.180534916
NIPS_TS_Creditcard,AccQ,42,2026,UAff-F1,0.4,-0.026910338330643466,20750.702577875927
NIPS_TS_Creditcard,AccQ,42,2027,UAff-F1,0.4,-0.026145070996491018,20772.65957905911
NIPS_TS_Creditcard,AccQ,42,2025,UAff-F1,0.5,0.005901461059101345,20947.52126093954
NIPS_TS_Creditcard,AccQ,42,2026,UAff-F1,0.5,-0.025577296029588907,20782.35307894647
NIPS_TS_Creditcard,AccQ,42,2027,UAff-F1,0.5,-0.0061864326124717135,20831.118321977556
NIPS_TS_Creditcard,AccQ,42,2025,UAff-F1,0.6,0.015648378111420773,20939.57875110209
NIPS_TS_Creditcard,AccQ,42,2026,UAff-F1,0.6,-0.003727179465655472,20857.54104005173
NIPS_TS_Creditcard,AccQ,42,2027,UAff-F1,0.6,-0.0236038630215924,20874.484556959942
NIPS_TS_Creditcard,AccQ,42,2025,UAff-F1,0.7,0.011422112208654352,20954.13158996962
NIPS_TS_Creditcard,AccQ,42,2026,UAff-F1,0.7,0.00851109533415582,20879.978539189324
NIPS_TS_Creditcard,AccQ,42,2027,UAff-F1,0.7,0.010783190056017869,20877.047190908343
NIPS_TS_Creditcard,AccQ,42,2025,UAff-F1,0.8,0.025689238190880294,20958.667038939893
NIPS_TS_Creditcard,AccQ,42,2026,UAff-F1,0.8,0.04246915392913037,20876.06372893788
NIPS_TS_Creditcard,AccQ,42,2027,UAff-F1,0.8,0.032414095042737165,20861.136980121955
NIPS_TS_Creditcard,AccQ,42,2025,UAff-F1,0.9,0.1045433366960375,21082.20705506392
NIPS_TS_Creditcard,AccQ,42,2026,UAff-F1,0.9,0.08541662444566124,21016.294546891004
NIPS_TS_Creditcard,AccQ,42,2027,UAff-F1,0.9,0.13569494474702776,21011.40886102803
NIPS_TS_Creditcard,AccQ,42,2025,UAff-F1,1.0,0.2944045450618818,21263.48928990774
NIPS_TS_Creditcard,AccQ,42,2026,UAff-F1,1.0,0.30036589202057123,21102.962596109137
NIPS_TS_Creditcard,AccQ,42,2027,UAff-F1,1.0,0.2771167883551985,21227.51717804931
